ENLIGHTEN Version,2.2.7
Measurement ID,20220601-154022-781259-WP-01098
Serial Number,WP-01098
Model,WP-785-A-SR-LMMFC-IC
Label,15:40:22 WP-01098
Declared Match,
Declared Score,0
Scan Averaging,20
Boxcar,0
Technique,Raman
Baseline Correction Algo,
ROI Pixel Start,0
ROI Pixel End,1023
Slit Width,50
Vignetted,False
Interpolated,False
Raman Intensity Corrected,False
Deconvolved,False
Integration Time,70
Timestamp,2022-06-01 15:40:22.781259
Note,
Temperature,0
CCD C0,801.5531616210938
CCD C1,0.14215931296348572
CCD C2,-6.1220512179716025e-06
CCD C3,-8.18202661179157e-09
CCD Offset,0
CCD Gain,1.9
Laser Wavelength,785.17
Laser Enable,True
Laser Power,450.0
Laser Temperature,-95.6635622537485
Pixel Count,1024

Pixel,Wavelength,Wavenumber,Processed,Raw,Dark,Reference
0,801.55,260.32,3190.30,4118.60,928.30,
1,801.70,262.53,3395.95,4329.80,933.85,
2,801.84,264.74,3490.60,4415.15,924.55,
3,801.98,266.95,3459.10,4388.85,929.75,
4,802.12,269.16,3328.15,4262.85,934.70,
5,802.26,271.37,3094.40,4017.90,923.50,
6,802.41,273.57,2886.45,3817.65,931.20,
7,802.55,275.78,2746.45,3663.50,917.05,
8,802.69,277.99,2747.10,3683.50,936.40,
9,802.83,280.19,2934.30,3868.00,933.70,
10,802.97,282.39,3369.80,4312.85,943.05,
11,803.12,284.60,4092.90,5026.70,933.80,
12,803.26,286.80,5155.95,6083.85,927.90,
13,803.40,289.00,6503.50,7437.45,933.95,
14,803.54,291.20,8101.80,9043.00,941.20,
15,803.68,293.40,9772.30,10713.80,941.50,
16,803.83,295.59,11327.95,12273.55,945.60,
17,803.97,297.79,12456.60,13373.00,916.40,
18,804.11,299.99,12937.05,13875.00,937.95,
19,804.25,302.18,12436.70,13379.20,942.50,
20,804.39,304.37,11063.15,11981.75,918.60,
21,804.54,306.57,9079.65,10022.90,943.25,
22,804.68,308.76,6875.45,7812.75,937.30,
23,804.82,310.95,4917.15,5857.95,940.80,
24,804.96,313.14,3443.95,4367.75,923.80,
25,805.10,315.33,2527.00,3470.05,943.05,
26,805.25,317.52,2017.45,2959.15,941.70,
27,805.39,319.70,1718.55,2649.55,931.00,
28,805.53,321.89,1552.25,2497.75,945.50,
29,805.67,324.07,1433.60,2390.40,956.80,
30,805.81,326.26,1357.45,2295.65,938.20,
31,805.95,328.44,1298.45,2233.55,935.10,
32,806.10,330.62,1251.35,2194.40,943.05,
33,806.24,332.80,1219.70,2155.35,935.65,
34,806.38,334.98,1189.80,2130.75,940.95,
35,806.52,337.16,1163.35,2102.35,939.00,
36,806.66,339.34,1144.85,2072.40,927.55,
37,806.80,341.52,1134.00,2079.25,945.25,
38,806.95,343.69,1112.05,2050.90,938.85,
39,807.09,345.87,1106.55,2046.55,940.00,
40,807.23,348.04,1097.55,2036.30,938.75,
41,807.37,350.21,1097.35,2048.10,950.75,
42,807.51,352.39,1095.45,2032.85,937.40,
43,807.65,354.56,1093.30,2019.65,926.35,
44,807.80,356.73,1091.15,2039.40,948.25,
45,807.94,358.90,1095.85,2052.10,956.25,
46,808.08,361.06,1095.35,2040.75,945.40,
47,808.22,363.23,1105.25,2047.70,942.45,
48,808.36,365.40,1122.50,2057.35,934.85,
49,808.50,367.56,1127.00,2071.10,944.10,
50,808.64,369.73,1138.00,2059.75,921.75,
51,808.79,371.89,1155.55,2089.25,933.70,
52,808.93,374.05,1175.35,2126.25,950.90,
53,809.07,376.21,1197.70,2153.20,955.50,
54,809.21,378.37,1217.80,2159.90,942.10,
55,809.35,380.53,1241.15,2190.85,949.70,
56,809.49,382.69,1276.70,2220.40,943.70,
57,809.63,384.85,1302.55,2246.55,944.00,
58,809.78,387.00,1347.05,2300.80,953.75,
59,809.92,389.16,1402.65,2344.25,941.60,
60,810.06,391.31,1475.75,2415.40,939.65,
61,810.20,393.47,1561.35,2504.95,943.60,
62,810.34,395.62,1705.20,2637.40,932.20,
63,810.48,397.77,1889.65,2822.10,932.45,
64,810.62,399.92,2142.90,3072.85,929.95,
65,810.77,402.07,2448.50,3391.30,942.80,
66,810.91,404.22,2792.40,3733.40,941.00,
67,811.05,406.37,3153.05,4108.15,955.10,
68,811.19,408.51,3437.45,4370.15,932.70,
69,811.33,410.66,3588.30,4524.55,936.25,
70,811.47,412.80,3571.80,4502.10,930.30,
71,811.61,414.95,3372.15,4313.85,941.70,
72,811.75,417.09,3041.20,3977.65,936.45,
73,811.89,419.23,2646.75,3581.15,934.40,
74,812.04,421.37,2271.70,3218.65,946.95,
75,812.18,423.51,1975.95,2913.35,937.40,
76,812.32,425.65,1756.45,2694.70,938.25,
77,812.46,427.79,1592.20,2526.00,933.80,
78,812.60,429.92,1495.25,2456.65,961.40,
79,812.74,432.06,1415.40,2363.50,948.10,
80,812.88,434.19,1363.70,2314.10,950.40,
81,813.02,436.33,1334.35,2278.05,943.70,
82,813.16,438.46,1302.15,2249.40,947.25,
83,813.31,440.59,1283.75,2215.85,932.10,
84,813.45,442.72,1265.75,2202.15,936.40,
85,813.59,444.85,1253.50,2192.85,939.35,
86,813.73,446.98,1252.95,2202.55,949.60,
87,813.87,449.11,1234.20,2184.15,949.95,
88,814.01,451.24,1224.30,2178.30,954.00,
89,814.15,453.36,1207.40,2155.85,948.45,
90,814.29,455.49,1196.50,2128.90,932.40,
91,814.43,457.61,1183.55,2156.55,973.00,
92,814.57,459.73,1165.60,2118.60,953.00,
93,814.71,461.86,1142.20,2080.00,937.80,
94,814.86,463.98,1133.70,2089.50,955.80,
95,815.00,466.10,1112.60,2050.25,937.65,
96,815.14,468.22,1111.15,2048.05,936.90,
97,815.28,470.33,1087.45,2046.95,959.50,
98,815.42,472.45,1090.70,2021.65,930.95,
99,815.56,474.57,1074.85,2026.20,951.35,
100,815.70,476.68,1082.45,2013.75,931.30,
101,815.84,478.80,1071.15,2027.60,956.45,
102,815.98,480.91,1071.05,2022.50,951.45,
103,816.12,483.02,1068.35,2000.10,931.75,
104,816.26,485.13,1066.05,2008.00,941.95,
105,816.40,487.24,1058.80,1997.30,938.50,
106,816.54,489.35,1050.75,1996.95,946.20,
107,816.68,491.46,1051.00,1984.45,933.45,
108,816.82,493.57,1034.40,1973.15,938.75,
109,816.97,495.67,1025.60,1976.75,951.15,
110,817.11,497.78,1028.90,1969.95,941.05,
111,817.25,499.88,1016.95,1944.25,927.30,
112,817.39,501.98,1020.05,1964.50,944.45,
113,817.53,504.09,998.95,1922.20,923.25,
114,817.67,506.19,1005.85,1957.90,952.05,
115,817.81,508.29,1007.35,1953.75,946.40,
116,817.95,510.39,1009.60,1953.15,943.55,
117,818.09,512.48,1011.90,1950.15,938.25,
118,818.23,514.58,1011.80,1962.55,950.75,
119,818.37,516.68,1015.70,1960.15,944.45,
120,818.51,518.77,1024.25,1960.90,936.65,
121,818.65,520.87,1022.55,1950.10,927.55,
122,818.79,522.96,1038.90,1983.00,944.10,
123,818.93,525.05,1039.45,1971.35,931.90,
124,819.07,527.14,1037.15,1980.05,942.90,
125,819.21,529.23,1051.35,1985.45,934.10,
126,819.35,531.32,1048.15,1976.25,928.10,
127,819.49,533.41,1052.10,2005.90,953.80,
128,819.63,535.50,1054.40,1995.80,941.40,
129,819.77,537.59,1049.20,1981.60,932.40,
130,819.91,539.67,1050.85,1989.75,938.90,
131,820.05,541.76,1047.80,1970.15,922.35,
132,820.19,543.84,1032.95,1987.20,954.25,
133,820.33,545.92,1035.85,1972.85,937.00,
134,820.47,548.00,1035.95,1978.15,942.20,
135,820.61,550.08,1031.10,1979.30,948.20,
136,820.75,552.16,1029.25,1990.70,961.45,
137,820.89,554.24,1028.10,1955.65,927.55,
138,821.03,556.32,1024.10,1963.85,939.75,
139,821.17,558.39,1014.75,1959.20,944.45,
140,821.31,560.47,1012.00,1960.90,948.90,
141,821.45,562.54,1015.15,1954.50,939.35,
142,821.59,564.62,1004.80,1956.90,952.10,
143,821.73,566.69,1010.90,1940.80,929.90,
144,821.87,568.76,1020.55,1949.05,928.50,
145,822.01,570.83,1017.25,1958.35,941.10,
146,822.15,572.90,1021.05,1965.00,943.95,
147,822.29,574.97,1030.55,1979.80,949.25,
148,822.43,577.04,1034.80,1995.30,960.50,
149,822.57,579.10,1050.70,1983.75,933.05,
150,822.71,581.17,1065.35,2013.55,948.20,
151,822.85,583.23,1068.60,2020.25,951.65,
152,822.99,585.30,1091.75,2030.20,938.45,
153,823.13,587.36,1118.50,2053.20,934.70,
154,823.27,589.42,1134.25,2075.65,941.40,
155,823.41,591.48,1166.55,2121.20,954.65,
156,823.55,593.54,1192.20,2127.05,934.85,
157,823.69,595.60,1226.85,2188.15,961.30,
158,823.83,597.66,1264.05,2215.75,951.70,
159,823.97,599.71,1303.95,2251.85,947.90,
160,824.11,601.77,1343.05,2279.55,936.50,
161,824.25,603.82,1375.90,2318.25,942.35,
162,824.39,605.88,1408.30,2348.95,940.65,
163,824.53,607.93,1439.30,2394.10,954.80,
164,824.67,609.98,1465.60,2406.75,941.15,
165,824.81,612.03,1489.25,2441.30,952.05,
166,824.95,614.08,1518.80,2459.60,940.80,
167,825.08,616.13,1554.60,2507.50,952.90,
168,825.22,618.18,1602.60,2544.20,941.60,
169,825.36,620.23,1659.45,2596.55,937.10,
170,825.50,622.27,1731.90,2667.20,935.30,
171,825.64,624.32,1830.35,2756.60,926.25,
172,825.78,626.36,1962.95,2895.55,932.60,
173,825.92,628.40,2127.85,3067.05,939.20,
174,826.06,630.44,2353.35,3288.15,934.80,
175,826.20,632.48,2693.55,3646.90,953.35,
176,826.34,634.52,3190.40,4137.10,946.70,
177,826.48,636.56,3962.15,4903.35,941.20,
178,826.62,638.60,5191.15,6132.25,941.10,
179,826.76,640.64,7066.15,8012.05,945.90,
180,826.90,642.67,9877.85,10821.10,943.25,
181,827.03,644.71,13766.75,14703.65,936.90,
182,827.17,646.74,18821.35,19765.30,943.95,
183,827.31,648.77,24512.55,25447.75,935.20,
184,827.45,650.81,29893.90,30819.65,925.75,
185,827.59,652.84,33747.00,34681.30,934.30,
186,827.73,654.87,34976.60,35919.05,942.45,
187,827.87,656.89,33243.60,34187.25,943.65,
188,828.01,658.92,29120.50,30066.15,945.65,
189,828.15,660.95,23649.45,24594.45,945.00,
190,828.29,662.98,18285.15,19232.65,947.50,
191,828.43,665.00,14067.80,15017.80,950.00,
192,828.56,667.02,11420.90,12354.00,933.10,
193,828.70,669.05,10141.10,11070.20,929.10,
194,828.84,671.07,9729.25,10673.25,944.00,
195,828.98,673.09,9681.45,10629.55,948.10,
196,829.12,675.11,9662.60,10620.00,957.40,
197,829.26,677.13,9482.80,10437.25,954.45,
198,829.40,679.15,9048.90,9974.30,925.40,
199,829.54,681.16,8416.55,9379.15,962.60,
200,829.67,683.18,7625.05,8562.90,937.85,
201,829.81,685.19,6790.35,7727.20,936.85,
202,829.95,687.21,5907.00,6850.20,943.20,
203,830.09,689.22,5122.20,6062.30,940.10,
204,830.23,691.23,4471.75,5409.90,938.15,
205,830.37,693.24,3930.80,4879.40,948.60,
206,830.51,695.25,3571.60,4516.75,945.15,
207,830.65,697.26,3314.65,4267.35,952.70,
208,830.78,699.27,3160.00,4100.15,940.15,
209,830.92,701.28,3055.55,3987.15,931.60,
210,831.06,703.28,3015.60,3964.10,948.50,
211,831.20,705.29,3020.25,3959.35,939.10,
212,831.34,707.29,3033.75,3990.05,956.30,
213,831.48,709.29,3046.60,3984.45,937.85,
214,831.61,711.30,3080.85,4030.10,949.25,
215,831.75,713.30,3102.10,4048.70,946.60,
216,831.89,715.30,3116.30,4062.30,946.00,
217,832.03,717.30,3160.35,4095.80,935.45,
218,832.17,719.29,3215.50,4145.50,930.00,
219,832.31,721.29,3307.55,4237.80,930.25,
220,832.44,723.29,3476.10,4414.55,938.45,
221,832.58,725.28,3699.75,4630.85,931.10,
222,832.72,727.28,4016.60,4963.35,946.75,
223,832.86,729.27,4450.70,5414.20,963.50,
224,833.00,731.26,5054.75,5981.90,927.15,
225,833.14,733.25,5858.25,6796.35,938.10,
226,833.27,735.24,6976.80,7931.30,954.50,
227,833.41,737.23,8478.25,9434.30,956.05,
228,833.55,739.22,10524.05,11458.35,934.30,
229,833.69,741.21,13178.70,14127.60,948.90,
230,833.83,743.19,16609.45,17545.65,936.20,
231,833.96,745.18,20772.55,21713.00,940.45,
232,834.10,747.16,25491.90,26420.30,928.40,
233,834.24,749.14,30309.65,31251.55,941.90,
234,834.38,751.13,34565.10,35501.95,936.85,
235,834.52,753.11,37426.35,38358.40,932.05,
236,834.65,755.09,38191.60,39126.25,934.65,
237,834.79,757.07,36763.50,37695.85,932.35,
238,834.93,759.04,33333.40,34282.80,949.40,
239,835.07,761.02,28737.55,29685.05,947.50,
240,835.21,763.00,23804.90,24747.25,942.35,
241,835.34,764.97,19174.90,20103.95,929.05,
242,835.48,766.95,15365.50,16310.60,945.10,
243,835.62,768.92,12404.20,13333.85,929.65,
244,835.76,770.89,10168.30,11098.55,930.25,
245,835.89,772.86,8492.10,9430.55,938.45,
246,836.03,774.83,7205.35,8133.05,927.70,
247,836.17,776.80,6200.45,7149.00,948.55,
248,836.31,778.77,5374.95,6310.50,935.55,
249,836.44,780.74,4705.65,5648.60,942.95,
250,836.58,782.70,4156.60,5089.40,932.80,
251,836.72,784.67,3694.30,4619.30,925.00,
252,836.86,786.63,3297.90,4241.30,943.40,
253,837.00,788.59,2983.35,3926.95,943.60,
254,837.13,790.56,2726.20,3668.90,942.70,
255,837.27,792.52,2488.00,3412.85,924.85,
256,837.41,794.48,2307.80,3253.40,945.60,
257,837.54,796.44,2148.55,3077.80,929.25,
258,837.68,798.39,2012.55,2958.65,946.10,
259,837.82,800.35,1898.75,2840.10,941.35,
260,837.96,802.31,1803.55,2742.45,938.90,
261,838.09,804.26,1722.65,2669.05,946.40,
262,838.23,806.22,1661.00,2589.15,928.15,
263,838.37,808.17,1591.90,2517.05,925.15,
264,838.51,810.12,1550.50,2493.85,943.35,
265,838.64,812.07,1503.15,2466.50,963.35,
266,838.78,814.02,1465.35,2409.95,944.60,
267,838.92,815.97,1432.35,2377.80,945.45,
268,839.05,817.92,1396.40,2324.65,928.25,
269,839.19,819.87,1366.75,2303.00,936.25,
270,839.33,821.81,1344.00,2294.65,950.65,
271,839.47,823.76,1316.90,2250.40,933.50,
272,839.60,825.70,1289.55,2241.70,952.15,
273,839.74,827.65,1269.45,2218.65,949.20,
274,839.88,829.59,1241.85,2173.00,931.15,
275,840.01,831.53,1223.80,2157.65,933.85,
276,840.15,833.47,1202.55,2136.05,933.50,
277,840.29,835.41,1185.25,2119.05,933.80,
278,840.42,837.35,1171.35,2114.95,943.60,
279,840.56,839.28,1161.55,2097.25,935.70,
280,840.70,841.22,1148.60,2109.80,961.20,
281,840.83,843.16,1152.55,2100.55,948.00,
282,840.97,845.09,1150.00,2106.00,956.00,
283,841.11,847.02,1152.75,2090.75,938.00,
284,841.25,848.95,1149.85,2097.60,947.75,
285,841.38,850.89,1156.85,2098.65,941.80,
286,841.52,852.82,1161.95,2089.85,927.90,
287,841.66,854.75,1171.95,2100.80,928.85,
288,841.79,856.67,1191.70,2121.50,929.80,
289,841.93,858.60,1212.75,2158.10,945.35,
290,842.06,860.53,1242.65,2181.90,939.25,
291,842.20,862.45,1279.90,2215.80,935.90,
292,842.34,864.38,1345.90,2289.45,943.55,
293,842.47,866.30,1410.05,2351.90,941.85,
294,842.61,868.22,1506.30,2547.25,1040.95,
295,842.75,870.14,1638.70,2577.30,938.60,
296,842.88,872.06,1800.75,2747.05,946.30,
297,843.02,873.98,1987.50,2923.50,936.00,
298,843.16,875.90,2196.85,3127.45,930.60,
299,843.29,877.82,2380.50,3336.60,956.10,
300,843.43,879.73,2497.45,3425.05,927.60,
301,843.57,881.65,2518.60,3466.80,948.20,
302,843.70,883.56,2434.10,3372.90,938.80,
303,843.84,885.48,2284.25,3228.70,944.45,
304,843.97,887.39,2074.00,3011.70,937.70,
305,844.11,889.30,1872.20,2819.30,947.10,
306,844.25,891.21,1698.90,2644.55,945.65,
307,844.38,893.12,1561.80,2500.40,938.60,
308,844.52,895.03,1471.50,2413.55,942.05,
309,844.65,896.93,1396.40,2343.15,946.75,
310,844.79,898.84,1349.60,2314.05,964.45,
311,844.93,900.75,1319.85,2247.55,927.70,
312,845.06,902.65,1298.30,2234.55,936.25,
313,845.20,904.55,1289.55,2243.45,953.90,
314,845.33,906.46,1296.15,2237.70,941.55,
315,845.47,908.36,1295.25,2223.55,928.30,
316,845.61,910.26,1317.95,2246.80,928.85,
317,845.74,912.16,1331.20,2279.65,948.45,
318,845.88,914.05,1361.15,2300.60,939.45,
319,846.01,915.95,1395.10,2350.25,955.15,
320,846.15,917.85,1435.60,2373.50,937.90,
321,846.28,919.74,1481.90,2423.65,941.75,
322,846.42,921.64,1536.10,2473.45,937.35,
323,846.56,923.53,1603.65,2551.35,947.70,
324,846.69,925.42,1687.40,2627.45,940.05,
325,846.83,927.31,1809.95,2742.55,932.60,
326,846.96,929.20,1963.30,2898.05,934.75,
327,847.10,931.09,2190.40,3129.65,939.25,
328,847.23,932.98,2504.70,3449.05,944.35,
329,847.37,934.87,2923.80,3865.35,941.55,
330,847.51,936.76,3447.55,4393.70,946.15,
331,847.64,938.64,4009.00,4940.00,931.00,
332,847.78,940.52,4500.45,5434.90,934.45,
333,847.91,942.41,4781.00,5713.75,932.75,
334,848.05,944.29,4771.00,5715.75,944.75,
335,848.18,946.17,4466.65,5409.50,942.85,
336,848.32,948.05,3945.00,4886.05,941.05,
337,848.45,949.93,3322.75,4263.60,940.85,
338,848.59,951.81,2751.15,3683.00,931.85,
339,848.72,953.69,2279.65,3215.95,936.30,
340,848.86,955.56,1929.95,2862.05,932.10,
341,848.99,957.44,1679.95,2603.80,923.85,
342,849.13,959.31,1524.70,2455.65,930.95,
343,849.26,961.19,1412.00,2349.65,937.65,
344,849.40,963.06,1339.45,2279.35,939.90,
345,849.53,964.93,1289.35,2227.70,938.35,
346,849.67,966.80,1267.20,2203.00,935.80,
347,849.80,968.67,1240.80,2188.60,947.80,
348,849.94,970.54,1246.80,2191.40,944.60,
349,850.07,972.40,1250.50,2185.65,935.15,
350,850.21,974.27,1245.65,2194.10,948.45,
351,850.34,976.14,1265.35,2209.50,944.15,
352,850.48,978.00,1306.10,2251.35,945.25,
353,850.61,979.86,1333.30,2280.75,947.45,
354,850.75,981.72,1369.90,2320.90,951.00,
355,850.88,983.59,1411.65,2355.60,943.95,
356,851.02,985.45,1441.70,2383.40,941.70,
357,851.15,987.31,1479.65,2424.65,945.00,
358,851.29,989.16,1502.65,2449.75,947.10,
359,851.42,991.02,1538.25,2462.90,924.65,
360,851.56,992.88,1551.75,2493.35,941.60,
361,851.69,994.73,1566.20,2512.20,946.00,
362,851.82,996.59,1566.20,2494.90,928.70,
363,851.96,998.44,1563.90,2522.10,958.20,
364,852.09,1000.29,1556.40,2516.95,960.55,
365,852.23,1002.14,1536.45,2481.85,945.40,
366,852.36,1003.99,1528.45,2471.35,942.90,
367,852.50,1005.84,1505.20,2438.95,933.75,
368,852.63,1007.69,1471.55,2410.20,938.65,
369,852.77,1009.54,1455.60,2388.80,933.20,
370,852.90,1011.39,1436.00,2384.05,948.05,
371,853.03,1013.23,1437.15,2376.95,939.80,
372,853.17,1015.07,1447.35,2382.35,935.00,
373,853.30,1016.92,1479.40,2429.00,949.60,
374,853.44,1018.76,1527.30,2462.80,935.50,
375,853.57,1020.60,1600.70,2529.90,929.20,
376,853.70,1022.44,1701.00,2653.65,952.65,
377,853.84,1024.28,1837.05,2769.80,932.75,
378,853.97,1026.12,1996.50,2932.25,935.75,
379,854.11,1027.96,2147.60,3093.35,945.75,
380,854.24,1029.79,2283.15,3227.70,944.55,
381,854.37,1031.63,2356.90,3294.75,937.85,
382,854.51,1033.46,2383.65,3333.00,949.35,
383,854.64,1035.30,2355.75,3295.05,939.30,
384,854.78,1037.13,2296.45,3244.80,948.35,
385,854.91,1038.96,2254.75,3214.70,959.95,
386,855.04,1040.79,2265.25,3209.60,944.35,
387,855.18,1042.62,2372.20,3323.90,951.70,
388,855.31,1044.45,2569.25,3492.10,922.85,
389,855.45,1046.27,2885.45,3823.40,937.95,
390,855.58,1048.10,3278.05,4217.00,938.95,
391,855.71,1049.93,3689.55,4620.85,931.30,
392,855.85,1051.75,3973.05,4904.00,930.95,
393,855.98,1053.57,4053.35,5000.25,946.90,
394,856.11,1055.40,3910.10,4839.15,929.05,
395,856.25,1057.22,3575.45,4508.15,932.70,
396,856.38,1059.04,3129.35,4072.95,943.60,
397,856.51,1060.86,2675.65,3622.50,946.85,
398,856.65,1062.68,2299.00,3238.15,939.15,
399,856.78,1064.49,2023.15,2951.85,928.70,
400,856.91,1066.31,1820.55,2772.55,952.00,
401,857.05,1068.12,1680.05,2619.10,939.05,
402,857.18,1069.94,1577.05,2511.90,934.85,
403,857.31,1071.75,1510.10,2463.25,953.15,
404,857.45,1073.56,1458.20,2402.65,944.45,
405,857.58,1075.38,1417.60,2370.85,953.25,
406,857.71,1077.19,1387.15,2333.35,946.20,
407,857.85,1079.00,1357.50,2306.30,948.80,
408,857.98,1080.80,1342.60,2275.00,932.40,
409,858.11,1082.61,1314.05,2256.95,942.90,
410,858.25,1084.42,1306.85,2259.05,952.20,
411,858.38,1086.22,1289.20,2229.75,940.55,
412,858.51,1088.03,1286.45,2208.35,921.90,
413,858.64,1089.83,1276.45,2213.35,936.90,
414,858.78,1091.63,1268.80,2210.35,941.55,
415,858.91,1093.43,1254.20,2198.40,944.20,
416,859.04,1095.23,1246.65,2190.90,944.25,
417,859.18,1097.03,1243.75,2183.90,940.15,
418,859.31,1098.83,1239.05,2179.10,940.05,
419,859.44,1100.63,1241.50,2188.05,946.55,
420,859.57,1102.43,1235.85,2163.85,928.00,
421,859.71,1104.22,1239.10,2179.55,940.45,
422,859.84,1106.01,1238.45,2171.65,933.20,
423,859.97,1107.81,1248.70,2190.05,941.35,
424,860.10,1109.60,1244.00,2194.35,950.35,
425,860.24,1111.39,1258.55,2196.25,937.70,
426,860.37,1113.18,1262.60,2223.25,960.65,
427,860.50,1114.97,1274.65,2209.35,934.70,
428,860.63,1116.76,1283.20,2221.95,938.75,
429,860.77,1118.55,1302.20,2234.40,932.20,
430,860.90,1120.33,1317.20,2258.65,941.45,
431,861.03,1122.12,1337.75,2273.95,936.20,
432,861.16,1123.90,1363.35,2307.20,943.85,
433,861.30,1125.69,1380.95,2314.10,933.15,
434,861.43,1127.47,1426.30,2378.50,952.20,
435,861.56,1129.25,1464.15,2390.15,926.00,
436,861.69,1131.03,1508.70,2453.45,944.75,
437,861.82,1132.81,1582.25,2514.20,931.95,
438,861.96,1134.59,1693.00,2644.65,951.65,
439,862.09,1136.37,1819.95,2768.10,948.15,
440,862.22,1138.14,1974.60,2911.75,937.15,
441,862.35,1139.92,2135.85,3081.60,945.75,
442,862.49,1141.69,2267.05,3198.10,931.05,
443,862.62,1143.46,2339.35,3278.85,939.50,
444,862.75,1145.24,2342.95,3278.65,935.70,
445,862.88,1147.01,2282.65,3229.85,947.20,
446,863.01,1148.78,2156.20,3088.60,932.40,
447,863.14,1150.55,2014.90,2958.90,944.00,
448,863.28,1152.32,1884.05,2838.20,954.15,
449,863.41,1154.08,1768.00,2712.50,944.50,
450,863.54,1155.85,1670.10,2613.90,943.80,
451,863.67,1157.62,1615.70,2564.75,949.05,
452,863.80,1159.38,1571.10,2523.75,952.65,
453,863.93,1161.14,1532.35,2486.30,953.95,
454,864.07,1162.91,1515.30,2460.40,945.10,
455,864.20,1164.67,1495.30,2427.70,932.40,
456,864.33,1166.43,1481.90,2425.75,943.85,
457,864.46,1168.19,1467.90,2405.65,937.75,
458,864.59,1169.94,1464.35,2406.50,942.15,
459,864.72,1171.70,1473.55,2409.10,935.55,
460,864.85,1173.46,1471.35,2410.95,939.60,
461,864.99,1175.21,1476.95,2430.15,953.20,
462,865.12,1176.97,1483.10,2432.00,948.90,
463,865.25,1178.72,1502.80,2449.80,947.00,
464,865.38,1180.47,1522.30,2460.95,938.65,
465,865.51,1182.23,1544.65,2486.00,941.35,
466,865.64,1183.98,1578.80,2519.40,940.60,
467,865.77,1185.72,1621.80,2573.25,951.45,
468,865.90,1187.47,1679.55,2631.75,952.20,
469,866.04,1189.22,1748.70,2701.25,952.55,
470,866.17,1190.97,1843.25,2782.85,939.60,
471,866.30,1192.71,1980.75,2914.45,933.70,
472,866.43,1194.46,2162.65,3086.70,924.05,
473,866.56,1196.20,2424.35,3369.95,945.60,
474,866.69,1197.94,2796.60,3738.00,941.40,
475,866.82,1199.68,3267.80,4192.80,925.00,
476,866.95,1201.42,3814.80,4748.00,933.20,
477,867.08,1203.16,4339.40,5283.05,943.65,
478,867.21,1204.90,4747.55,5685.35,937.80,
479,867.34,1206.64,4926.70,5871.30,944.60,
480,867.47,1208.38,4798.50,5749.05,950.55,
481,867.60,1210.11,4454.05,5400.60,946.55,
482,867.74,1211.85,3966.15,4902.60,936.45,
483,867.87,1213.58,3414.80,4361.65,946.85,
484,868.00,1215.31,2948.10,3891.70,943.60,
485,868.13,1217.04,2570.25,3521.30,951.05,
486,868.26,1218.77,2317.70,3266.25,948.55,
487,868.39,1220.50,2126.40,3065.70,939.30,
488,868.52,1222.23,2009.10,2953.55,944.45,
489,868.65,1223.96,1938.50,2879.05,940.55,
490,868.78,1225.68,1874.90,2805.65,930.75,
491,868.91,1227.41,1856.35,2804.75,948.40,
492,869.04,1229.13,1833.45,2773.35,939.90,
493,869.17,1230.86,1842.55,2795.15,952.60,
494,869.30,1232.58,1837.50,2787.05,949.55,
495,869.43,1234.30,1840.60,2777.80,937.20,
496,869.56,1236.02,1834.85,2776.00,941.15,
497,869.69,1237.74,1840.60,2773.75,933.15,
498,869.82,1239.46,1857.85,2797.30,939.45,
499,869.95,1241.18,1865.15,2807.75,942.60,
500,870.08,1242.89,1888.05,2824.70,936.65,
501,870.21,1244.61,1935.65,2871.70,936.05,
502,870.34,1246.32,1971.95,2914.45,942.50,
503,870.47,1248.04,2031.45,2977.50,946.05,
504,870.60,1249.75,2117.80,3074.20,956.40,
505,870.73,1251.46,2220.10,3150.25,930.15,
506,870.86,1253.17,2355.65,3278.70,923.05,
507,870.99,1254.88,2506.90,3450.05,943.15,
508,871.12,1256.59,2693.55,3643.10,949.55,
509,871.25,1258.30,2881.00,3844.40,963.40,
510,871.38,1260.00,3056.25,4013.75,957.50,
511,871.51,1261.71,3177.45,4119.00,941.55,
512,871.64,1263.41,3234.20,4161.60,927.40,
513,871.77,1265.12,3193.40,4138.05,944.65,
514,871.89,1266.82,3095.35,4044.05,948.70,
515,872.02,1268.52,2963.90,3894.30,930.40,
516,872.15,1270.22,2817.95,3747.40,929.45,
517,872.28,1271.92,2700.55,3635.15,934.60,
518,872.41,1273.62,2611.70,3557.00,945.30,
519,872.54,1275.32,2555.75,3484.35,928.60,
520,872.67,1277.01,2531.75,3472.60,940.85,
521,872.80,1278.71,2554.70,3494.70,940.00,
522,872.93,1280.40,2590.35,3543.70,953.35,
523,873.06,1282.10,2638.80,3582.65,943.85,
524,873.19,1283.79,2693.05,3627.05,934.00,
525,873.32,1285.48,2755.95,3697.95,942.00,
526,873.44,1287.17,2834.70,3778.50,943.80,
527,873.57,1288.86,2932.10,3872.20,940.10,
528,873.70,1290.55,3104.85,4047.40,942.55,
529,873.83,1292.23,3332.45,4274.55,942.10,
530,873.96,1293.92,3726.85,4666.20,939.35,
531,874.09,1295.61,4279.75,5221.25,941.50,
532,874.22,1297.29,5034.75,5962.65,927.90,
533,874.35,1298.97,5912.35,6849.45,937.10,
534,874.47,1300.66,6717.05,7652.50,935.45,
535,874.60,1302.34,7265.95,8192.95,927.00,
536,874.73,1304.02,7423.35,8372.40,949.05,
537,874.86,1305.70,7154.40,8101.85,947.45,
538,874.99,1307.38,6541.35,7490.90,949.55,
539,875.12,1309.05,5741.60,6704.15,962.55,
540,875.25,1310.73,4964.55,5914.20,949.65,
541,875.37,1312.41,4302.75,5244.90,942.15,
542,875.50,1314.08,3826.70,4766.75,940.05,
543,875.63,1315.75,3476.40,4411.75,935.35,
544,875.76,1317.43,3205.70,4144.80,939.10,
545,875.89,1319.10,3002.90,3947.45,944.55,
546,876.02,1320.77,2833.10,3785.50,952.40,
547,876.14,1322.44,2704.05,3645.40,941.35,
548,876.27,1324.11,2613.50,3571.35,957.85,
549,876.40,1325.77,2538.85,3495.75,956.90,
550,876.53,1327.44,2488.75,3451.00,962.25,
551,876.66,1329.11,2460.00,3393.10,933.10,
552,876.78,1330.77,2431.20,3365.65,934.45,
553,876.91,1332.43,2415.30,3363.20,947.90,
554,877.04,1334.10,2402.55,3345.05,942.50,
555,877.17,1335.76,2409.10,3352.65,943.55,
556,877.29,1337.42,2387.85,3335.90,948.05,
557,877.42,1339.08,2405.50,3347.05,941.55,
558,877.55,1340.74,2408.35,3337.75,929.40,
559,877.68,1342.39,2406.55,3347.60,941.05,
560,877.81,1344.05,2390.55,3324.25,933.70,
561,877.93,1345.71,2389.80,3332.10,942.30,
562,878.06,1347.36,2374.80,3305.95,931.15,
563,878.19,1349.02,2370.55,3318.70,948.15,
564,878.32,1350.67,2368.00,3314.00,946.00,
565,878.44,1352.32,2350.80,3300.20,949.40,
566,878.57,1353.97,2345.65,3292.20,946.55,
567,878.70,1355.62,2338.40,3297.75,959.35,
568,878.83,1357.27,2316.05,3263.10,947.05,
569,878.95,1358.92,2315.00,3262.30,947.30,
570,879.08,1360.56,2294.15,3256.90,962.75,
571,879.21,1362.21,2271.10,3209.85,938.75,
572,879.33,1363.85,2264.85,3211.30,946.45,
573,879.46,1365.50,2261.65,3201.35,939.70,
574,879.59,1367.14,2262.80,3215.15,952.35,
575,879.72,1368.78,2243.85,3184.20,940.35,
576,879.84,1370.42,2249.25,3191.10,941.85,
577,879.97,1372.06,2242.25,3190.30,948.05,
578,880.10,1373.70,2235.65,3167.75,932.10,
579,880.22,1375.34,2256.00,3206.30,950.30,
580,880.35,1376.97,2247.40,3191.20,943.80,
581,880.48,1378.61,2254.50,3202.50,948.00,
582,880.60,1380.24,2251.20,3201.20,950.00,
583,880.73,1381.88,2263.60,3200.05,936.45,
584,880.86,1383.51,2266.65,3204.65,938.00,
585,880.98,1385.14,2282.90,3227.15,944.25,
586,881.11,1386.77,2276.40,3217.95,941.55,
587,881.24,1388.40,2294.00,3244.95,950.95,
588,881.36,1390.03,2305.45,3262.30,956.85,
589,881.49,1391.66,2309.15,3248.15,939.00,
590,881.62,1393.28,2326.15,3259.25,933.10,
591,881.74,1394.91,2341.85,3272.90,931.05,
592,881.87,1396.53,2357.85,3286.20,928.35,
593,881.99,1398.16,2395.35,3343.50,948.15,
594,882.12,1399.78,2422.40,3365.70,943.30,
595,882.25,1401.40,2448.55,3391.65,943.10,
596,882.37,1403.02,2498.20,3448.55,950.35,
597,882.50,1404.64,2523.85,3480.40,956.55,
598,882.63,1406.26,2590.90,3540.90,950.00,
599,882.75,1407.88,2656.55,3614.05,957.50,
600,882.88,1409.50,2727.45,3688.70,961.25,
601,883.00,1411.11,2820.90,3769.40,948.50,
602,883.13,1412.73,2930.35,3874.10,943.75,
603,883.26,1414.34,3068.30,4006.35,938.05,
604,883.38,1415.95,3253.80,4189.35,935.55,
605,883.51,1417.56,3489.25,4436.40,947.15,
606,883.63,1419.17,3798.60,4743.65,945.05,
607,883.76,1420.78,4203.40,5141.35,937.95,
608,883.88,1422.39,4696.20,5654.05,957.85,
609,884.01,1424.00,5261.50,6193.70,932.20,
610,884.14,1425.61,5840.80,6784.30,943.50,
611,884.26,1427.21,6271.20,7221.05,949.85,
612,884.39,1428.82,6569.15,7516.65,947.50,
613,884.51,1430.42,6652.05,7588.05,936.00,
614,884.64,1432.02,6515.05,7446.00,930.95,
615,884.76,1433.63,6226.95,7173.55,946.60,
616,884.89,1435.23,5898.75,6837.20,938.45,
617,885.01,1436.83,5612.70,6569.35,956.65,
618,885.14,1438.43,5390.95,6322.60,931.65,
619,885.26,1440.02,5286.00,6228.10,942.10,
620,885.39,1441.62,5247.00,6173.35,926.35,
621,885.51,1443.22,5213.60,6132.25,918.65,
622,885.64,1444.81,5134.10,6079.90,945.80,
623,885.76,1446.40,4986.50,5925.50,939.00,
624,885.89,1448.00,4785.70,5717.60,931.90,
625,886.01,1449.59,4509.85,5455.85,946.00,
626,886.14,1451.18,4213.60,5150.35,936.75,
627,886.26,1452.77,3925.45,4874.35,948.90,
628,886.39,1454.36,3663.40,4590.60,927.20,
629,886.51,1455.95,3434.25,4376.55,942.30,
630,886.64,1457.53,3254.65,4203.60,948.95,
631,886.76,1459.12,3099.05,4032.80,933.75,
632,886.89,1460.70,2946.85,3907.40,960.55,
633,887.01,1462.29,2843.85,3771.75,927.90,
634,887.14,1463.87,2743.40,3678.80,935.40,
635,887.26,1465.45,2658.60,3597.70,939.10,
636,887.39,1467.03,2575.55,3498.55,923.00,
637,887.51,1468.61,2517.30,3464.10,946.80,
638,887.63,1470.19,2458.90,3394.45,935.55,
639,887.76,1471.77,2388.95,3328.05,939.10,
640,887.88,1473.35,2353.25,3298.65,945.40,
641,888.01,1474.92,2318.20,3268.00,949.80,
642,888.13,1476.50,2277.35,3201.25,923.90,
643,888.26,1478.07,2252.10,3204.55,952.45,
644,888.38,1479.64,2202.65,3154.35,951.70,
645,888.50,1481.22,2189.35,3148.40,959.05,
646,888.63,1482.79,2170.40,3109.30,938.90,
647,888.75,1484.36,2146.55,3099.35,952.80,
648,888.88,1485.92,2122.55,3075.40,952.85,
649,889.00,1487.49,2117.70,3057.25,939.55,
650,889.12,1489.06,2096.05,3055.85,959.80,
651,889.25,1490.63,2083.25,3022.90,939.65,
652,889.37,1492.19,2064.85,3008.85,944.00,
653,889.49,1493.75,2065.65,3002.60,936.95,
654,889.62,1495.32,2052.75,2989.10,936.35,
655,889.74,1496.88,2043.05,2992.25,949.20,
656,889.87,1498.44,2026.60,2964.15,937.55,
657,889.99,1500.00,2026.05,2964.40,938.35,
658,890.11,1501.56,2011.50,2966.65,955.15,
659,890.24,1503.12,1998.05,2941.55,943.50,
660,890.36,1504.67,1990.85,2949.85,959.00,
661,890.48,1506.23,1967.90,2920.55,952.65,
662,890.61,1507.78,1966.75,2908.35,941.60,
663,890.73,1509.34,1941.30,2868.75,927.45,
664,890.85,1510.89,1935.95,2885.50,949.55,
665,890.98,1512.44,1920.90,2861.05,940.15,
666,891.10,1513.99,1911.60,2861.70,950.10,
667,891.22,1515.54,1886.95,2829.55,942.60,
668,891.34,1517.09,1890.70,2831.90,941.20,
669,891.47,1518.64,1874.95,2819.65,944.70,
670,891.59,1520.19,1873.65,2811.20,937.55,
671,891.71,1521.73,1883.10,2815.10,932.00,
672,891.84,1523.28,1880.10,2848.10,968.00,
673,891.96,1524.82,1887.50,2831.20,943.70,
674,892.08,1526.37,1903.90,2835.40,931.50,
675,892.20,1527.91,1905.30,2837.70,932.40,
676,892.33,1529.45,1908.00,2849.25,941.25,
677,892.45,1530.99,1890.75,2831.90,941.15,
678,892.57,1532.53,1871.65,2813.65,942.00,
679,892.70,1534.07,1841.25,2774.65,933.40,
680,892.82,1535.60,1828.80,2775.10,946.30,
681,892.94,1537.14,1799.70,2731.65,931.95,
682,893.06,1538.68,1798.00,2733.15,935.15,
683,893.19,1540.21,1782.60,2720.50,937.90,
684,893.31,1541.74,1778.00,2724.40,946.40,
685,893.43,1543.27,1772.20,2708.50,936.30,
686,893.55,1544.81,1759.30,2699.40,940.10,
687,893.67,1546.34,1750.65,2697.55,946.90,
688,893.80,1547.86,1747.25,2693.95,946.70,
689,893.92,1549.39,1747.90,2689.00,941.10,
690,894.04,1550.92,1740.90,2687.75,946.85,
691,894.16,1552.45,1729.50,2675.80,946.30,
692,894.28,1553.97,1714.35,2659.70,945.35,
693,894.41,1555.50,1702.80,2643.05,940.25,
694,894.53,1557.02,1684.55,2629.40,944.85,
695,894.65,1558.54,1680.00,2619.00,939.00,
696,894.77,1560.06,1665.25,2603.95,938.70,
697,894.89,1561.58,1649.45,2595.35,945.90,
698,895.02,1563.10,1636.55,2586.75,950.20,
699,895.14,1564.62,1627.15,2577.10,949.95,
700,895.26,1566.14,1614.90,2532.95,918.05,
701,895.38,1567.65,1599.10,2547.55,948.45,
702,895.50,1569.17,1590.60,2532.95,942.35,
703,895.62,1570.68,1569.85,2502.50,932.65,
704,895.74,1572.20,1575.60,2528.65,953.05,
705,895.87,1573.71,1559.20,2516.85,957.65,
706,895.99,1575.22,1559.35,2503.85,944.50,
707,896.11,1576.73,1546.80,2484.85,938.05,
708,896.23,1578.24,1544.15,2484.75,940.60,
709,896.35,1579.75,1527.00,2482.90,955.90,
710,896.47,1581.25,1528.55,2464.50,935.95,
711,896.59,1582.76,1531.60,2462.40,930.80,
712,896.71,1584.27,1523.30,2461.20,937.90,
713,896.83,1585.77,1530.20,2479.10,948.90,
714,896.96,1587.27,1522.15,2469.85,947.70,
715,897.08,1588.78,1515.35,2457.35,942.00,
716,897.20,1590.28,1519.35,2464.20,944.85,
717,897.32,1591.78,1518.80,2464.95,946.15,
718,897.44,1593.28,1515.35,2450.60,935.25,
719,897.56,1594.77,1512.20,2457.70,945.50,
720,897.68,1596.27,1513.75,2474.50,960.75,
721,897.80,1597.77,1502.60,2443.20,940.60,
722,897.92,1599.26,1507.90,2460.10,952.20,
723,898.04,1600.76,1502.70,2438.05,935.35,
724,898.16,1602.25,1499.50,2449.00,949.50,
725,898.28,1603.74,1493.25,2450.70,957.45,
726,898.40,1605.23,1495.35,2437.50,942.15,
727,898.52,1606.73,1498.40,2436.55,938.15,
728,898.64,1608.21,1485.90,2445.40,959.50,
729,898.76,1609.70,1481.30,2421.60,940.30,
730,898.88,1611.19,1488.95,2439.60,950.65,
731,899.00,1612.68,1479.20,2440.05,960.85,
732,899.12,1614.16,1479.40,2431.65,952.25,
733,899.24,1615.65,1477.80,2421.60,943.80,
734,899.36,1617.13,1461.40,2386.30,924.90,
735,899.48,1618.61,1465.90,2409.80,943.90,
736,899.60,1620.09,1463.30,2419.80,956.50,
737,899.72,1621.57,1464.95,2396.60,931.65,
738,899.84,1623.05,1453.50,2398.60,945.10,
739,899.96,1624.53,1466.55,2419.55,953.00,
740,900.08,1626.01,1458.45,2401.85,943.40,
741,900.20,1627.49,1447.70,2395.20,947.50,
742,900.32,1628.96,1449.20,2402.80,953.60,
743,900.44,1630.44,1447.50,2390.80,943.30,
744,900.56,1631.91,1444.95,2400.70,955.75,
745,900.68,1633.38,1439.20,2376.00,936.80,
746,900.80,1634.85,1441.35,2383.60,942.25,
747,900.92,1636.32,1439.40,2400.80,961.40,
748,901.04,1637.79,1432.70,2390.30,957.60,
749,901.16,1639.26,1432.80,2371.75,938.95,
750,901.28,1640.73,1430.70,2371.40,940.70,
751,901.40,1642.20,1433.15,2380.65,947.50,
752,901.52,1643.66,1430.20,2377.70,947.50,
753,901.63,1645.13,1428.10,2373.40,945.30,
754,901.75,1646.59,1428.75,2398.15,969.40,
755,901.87,1648.05,1423.80,2375.35,951.55,
756,901.99,1649.51,1418.15,2354.65,936.50,
757,902.11,1650.97,1416.40,2367.05,950.65,
758,902.23,1652.43,1420.45,2369.85,949.40,
759,902.35,1653.89,1400.60,2336.10,935.50,
760,902.47,1655.35,1403.65,2344.95,941.30,
761,902.59,1656.81,1402.60,2349.90,947.30,
762,902.70,1658.26,1390.65,2338.70,948.05,
763,902.82,1659.72,1392.85,2320.55,927.70,
764,902.94,1661.17,1384.60,2320.10,935.50,
765,903.06,1662.62,1387.30,2335.00,947.70,
766,903.18,1664.08,1385.45,2325.10,939.65,
767,903.30,1665.53,1375.65,2321.20,945.55,
768,903.41,1666.98,1375.30,2328.05,952.75,
769,903.53,1668.42,1373.45,2320.65,947.20,
770,903.65,1669.87,1368.50,2301.70,933.20,
771,903.77,1671.32,1363.65,2310.35,946.70,
772,903.89,1672.77,1351.60,2303.70,952.10,
773,904.01,1674.21,1352.75,2304.20,951.45,
774,904.12,1675.65,1360.20,2293.75,933.55,
775,904.24,1677.10,1347.35,2281.55,934.20,
776,904.36,1678.54,1347.55,2288.35,940.80,
777,904.48,1679.98,1343.00,2294.00,951.00,
778,904.59,1681.42,1342.05,2292.85,950.80,
779,904.71,1682.86,1343.60,2298.15,954.55,
780,904.83,1684.30,1335.35,2271.15,935.80,
781,904.95,1685.73,1336.25,2264.15,927.90,
782,905.07,1687.17,1332.15,2263.85,931.70,
783,905.18,1688.60,1328.35,2271.90,943.55,
784,905.30,1690.04,1324.80,2275.80,951.00,
785,905.42,1691.47,1326.95,2271.45,944.50,
786,905.54,1692.90,1316.40,2250.30,933.90,
787,905.65,1694.33,1313.20,2264.70,951.50,
788,905.77,1695.76,1317.80,2253.55,935.75,
789,905.89,1697.19,1307.25,2238.35,931.10,
790,906.00,1698.62,1301.90,2238.60,936.70,
791,906.12,1700.05,1296.05,2234.50,938.45,
792,906.24,1701.47,1286.55,2233.85,947.30,
793,906.36,1702.90,1277.85,2211.40,933.55,
794,906.47,1704.32,1263.25,2221.35,958.10,
795,906.59,1705.74,1264.65,2195.80,931.15,
796,906.71,1707.17,1261.60,2212.15,950.55,
797,906.82,1708.59,1249.35,2208.85,959.50,
798,906.94,1710.01,1229.05,2174.20,945.15,
799,907.06,1711.43,1223.60,2169.70,946.10,
800,907.17,1712.84,1221.45,2160.35,938.90,
801,907.29,1714.26,1205.35,2165.70,960.35,
802,907.41,1715.68,1200.30,2138.05,937.75,
803,907.52,1717.09,1194.00,2131.75,937.75,
804,907.64,1718.51,1187.40,2122.70,935.30,
805,907.76,1719.92,1185.20,2112.75,927.55,
806,907.87,1721.33,1176.80,2114.95,938.15,
807,907.99,1722.74,1173.05,2107.25,934.20,
808,908.10,1724.15,1168.30,2116.20,947.90,
809,908.22,1725.56,1167.20,2099.80,932.60,
810,908.34,1726.97,1153.00,2098.70,945.70,
811,908.45,1728.38,1151.75,2082.10,930.35,
812,908.57,1729.78,1147.45,2081.45,934.00,
813,908.69,1731.19,1137.65,2088.50,950.85,
814,908.80,1732.59,1134.30,2083.50,949.20,
815,908.92,1733.99,1126.60,2059.15,932.55,
816,909.03,1735.40,1125.10,2059.60,934.50,
817,909.15,1736.80,1122.75,2073.75,951.00,
818,909.26,1738.20,1125.55,2063.65,938.10,
819,909.38,1739.60,1121.00,2065.45,944.45,
820,909.50,1741.00,1120.50,2115.00,994.50,
821,909.61,1742.39,1118.80,2060.10,941.30,
822,909.73,1743.79,1118.55,2061.05,942.50,
823,909.84,1745.18,1114.90,2055.50,940.60,
824,909.96,1746.58,1109.90,2048.15,938.25,
825,910.07,1747.97,1110.65,2058.50,947.85,
826,910.19,1749.36,1105.70,2054.40,948.70,
827,910.30,1750.75,1100.40,2051.40,951.00,
828,910.42,1752.14,1101.70,2040.50,938.80,
829,910.53,1753.53,1087.20,2041.30,954.10,
830,910.65,1754.92,1083.80,2015.20,931.40,
831,910.76,1756.31,1094.65,2047.50,952.85,
832,910.88,1757.70,1083.55,2033.80,950.25,
833,910.99,1759.08,1077.60,2007.65,930.05,
834,911.11,1760.47,1071.15,2019.75,948.60,
835,911.22,1761.85,1068.35,2024.60,956.25,
836,911.34,1763.23,1060.70,1987.70,927.00,
837,911.45,1764.61,1058.10,2004.55,946.45,
838,911.57,1765.99,1056.50,2005.25,948.75,
839,911.68,1767.37,1051.45,1998.60,947.15,
840,911.80,1768.75,1045.75,1977.50,931.75,
841,911.91,1770.13,1038.65,1999.35,960.70,
842,912.03,1771.50,1031.35,1977.05,945.70,
843,912.14,1772.88,1028.50,1962.10,933.60,
844,912.26,1774.25,1017.65,1953.25,935.60,
845,912.37,1775.63,1018.35,1971.10,952.75,
846,912.48,1777.00,1009.75,1957.35,947.60,
847,912.60,1778.37,1003.30,1938.70,935.40,
848,912.71,1779.74,1006.95,1952.15,945.20,
849,912.83,1781.11,991.80,1959.35,967.55,
850,912.94,1782.48,992.90,1929.75,936.85,
851,913.05,1783.85,988.20,1926.15,937.95,
852,913.17,1785.21,989.45,1925.50,936.05,
853,913.28,1786.58,976.85,1919.80,942.95,
854,913.40,1787.94,972.00,1917.05,945.05,
855,913.51,1789.31,977.15,1940.40,963.25,
856,913.62,1790.67,968.50,1918.65,950.15,
857,913.74,1792.03,969.50,1906.85,937.35,
858,913.85,1793.39,971.90,1912.10,940.20,
859,913.96,1794.75,966.70,1903.30,936.60,
860,914.08,1796.11,966.65,1892.25,925.60,
861,914.19,1797.47,969.10,1904.80,935.70,
862,914.30,1798.83,962.80,1890.45,927.65,
863,914.42,1800.18,959.10,1901.35,942.25,
864,914.53,1801.54,967.80,1924.95,957.15,
865,914.64,1802.89,963.95,1908.85,944.90,
866,914.76,1804.24,961.10,1896.45,935.35,
867,914.87,1805.59,958.15,1892.25,934.10,
868,914.98,1806.94,960.50,1895.65,935.15,
869,915.10,1808.29,958.40,1912.90,954.50,
870,915.21,1809.64,950.65,1903.35,952.70,
871,915.32,1810.99,947.30,1873.85,926.55,
872,915.44,1812.34,943.65,1900.65,957.00,
873,915.55,1813.68,935.95,1880.75,944.80,
874,915.66,1815.03,929.00,1878.25,949.25,
875,915.77,1816.37,929.20,1882.20,953.00,
876,915.89,1817.71,912.45,1866.55,954.10,
877,916.00,1819.06,911.00,1854.60,943.60,
878,916.11,1820.40,909.25,1874.80,965.55,
879,916.22,1821.74,905.95,1837.95,932.00,
880,916.34,1823.08,899.00,1842.80,943.80,
881,916.45,1824.41,891.70,1824.50,932.80,
882,916.56,1825.75,898.70,1831.95,933.25,
883,916.67,1827.09,886.90,1826.75,939.85,
884,916.79,1828.42,884.20,1820.30,936.10,
885,916.90,1829.75,882.05,1828.90,946.85,
886,917.01,1831.09,880.45,1814.20,933.75,
887,917.12,1832.42,869.95,1803.25,933.30,
888,917.23,1833.75,870.05,1814.45,944.40,
889,917.35,1835.08,865.60,1815.95,950.35,
890,917.46,1836.41,871.15,1810.00,938.85,
891,917.57,1837.74,871.70,1811.15,939.45,
892,917.68,1839.06,869.40,1817.95,948.55,
893,917.79,1840.39,866.15,1818.65,952.50,
894,917.90,1841.71,861.15,1817.65,956.50,
895,918.02,1843.04,857.35,1803.70,946.35,
896,918.13,1844.36,851.90,1801.90,950.00,
897,918.24,1845.68,847.95,1789.60,941.65,
898,918.35,1847.01,855.10,1811.30,956.20,
899,918.46,1848.33,842.05,1792.25,950.20,
900,918.57,1849.64,838.50,1781.90,943.40,
901,918.68,1850.96,832.45,1771.75,939.30,
902,918.80,1852.28,831.95,1794.45,962.50,
903,918.91,1853.60,827.15,1774.00,946.85,
904,919.02,1854.91,819.45,1764.85,945.40,
905,919.13,1856.22,823.70,1771.05,947.35,
906,919.24,1857.54,820.60,1765.00,944.40,
907,919.35,1858.85,819.50,1758.10,938.60,
908,919.46,1860.16,822.30,1766.70,944.40,
909,919.57,1861.47,820.60,1765.20,944.60,
910,919.68,1862.78,810.00,1749.15,939.15,
911,919.79,1864.09,804.75,1738.30,933.55,
912,919.90,1865.40,808.35,1747.85,939.50,
913,920.01,1866.70,804.60,1762.90,958.30,
914,920.13,1868.01,803.70,1741.45,937.75,
915,920.24,1869.31,796.55,1751.00,954.45,
916,920.35,1870.61,792.85,1749.55,956.70,
917,920.46,1871.92,799.75,1742.05,942.30,
918,920.57,1873.22,793.20,1732.55,939.35,
919,920.68,1874.52,791.45,1738.10,946.65,
920,920.79,1875.82,790.35,1725.10,934.75,
921,920.90,1877.12,790.60,1730.25,939.65,
922,921.01,1878.41,788.65,1723.75,935.10,
923,921.12,1879.71,776.10,1722.85,946.75,
924,921.23,1881.01,779.35,1722.20,942.85,
925,921.34,1882.30,779.70,1728.35,948.65,
926,921.45,1883.59,775.15,1702.05,926.90,
927,921.56,1884.89,769.90,1710.70,940.80,
928,921.67,1886.18,771.30,1697.05,925.75,
929,921.78,1887.47,768.20,1712.50,944.30,
930,921.89,1888.76,760.70,1715.95,955.25,
931,921.99,1890.04,764.25,1708.70,944.45,
932,922.10,1891.33,759.85,1697.10,937.25,
933,922.21,1892.62,749.25,1705.50,956.25,
934,922.32,1893.90,751.65,1701.50,949.85,
935,922.43,1895.19,751.20,1700.65,949.45,
936,922.54,1896.47,744.80,1682.40,937.60,
937,922.65,1897.75,729.75,1682.40,952.65,
938,922.76,1899.04,737.40,1680.70,943.30,
939,922.87,1900.32,724.30,1657.90,933.60,
940,922.98,1901.60,731.65,1686.85,955.20,
941,923.09,1902.87,726.85,1671.15,944.30,
942,923.20,1904.15,723.45,1662.20,938.75,
943,923.30,1905.43,720.50,1656.80,936.30,
944,923.41,1906.70,716.55,1659.20,942.65,
945,923.52,1907.98,710.70,1645.30,934.60,
946,923.63,1909.25,700.40,1645.10,944.70,
947,923.74,1910.53,710.30,1689.55,979.25,
948,923.85,1911.80,698.35,1648.40,950.05,
949,923.96,1913.07,698.55,1636.20,937.65,
950,924.06,1914.34,697.35,1645.45,948.10,
951,924.17,1915.61,693.10,1633.60,940.50,
952,924.28,1916.87,680.45,1628.80,948.35,
953,924.39,1918.14,681.45,1624.95,943.50,
954,924.50,1919.41,676.15,1628.65,952.50,
955,924.61,1920.67,670.45,1626.70,956.25,
956,924.71,1921.93,664.80,1621.55,956.75,
957,924.82,1923.20,672.00,1619.40,947.40,
958,924.93,1924.46,662.20,1599.85,937.65,
959,925.04,1925.72,658.60,1607.80,949.20,
960,925.15,1926.98,658.40,1622.40,964.00,
961,925.25,1928.24,650.50,1575.55,925.05,
962,925.36,1929.50,650.10,1591.40,941.30,
963,925.47,1930.75,648.50,1588.70,940.20,
964,925.58,1932.01,644.45,1579.85,935.40,
965,925.68,1933.26,637.45,1572.55,935.10,
966,925.79,1934.52,635.70,1579.20,943.50,
967,925.90,1935.77,637.45,1596.25,958.80,
968,926.01,1937.02,632.85,1580.65,947.80,
969,926.11,1938.27,629.85,1578.00,948.15,
970,926.22,1939.52,628.90,1558.80,929.90,
971,926.33,1940.77,625.30,1566.95,941.65,
972,926.43,1942.02,622.45,1560.95,938.50,
973,926.54,1943.27,619.40,1573.35,953.95,
974,926.65,1944.51,614.50,1555.55,941.05,
975,926.76,1945.76,605.50,1559.30,953.80,
976,926.86,1947.00,604.15,1549.00,944.85,
977,926.97,1948.25,597.65,1532.80,935.15,
978,927.08,1949.49,600.40,1538.50,938.10,
979,927.18,1950.73,598.05,1532.35,934.30,
980,927.29,1951.97,597.45,1544.95,947.50,
981,927.40,1953.21,595.80,1521.00,925.20,
982,927.50,1954.45,590.85,1523.50,932.65,
983,927.61,1955.68,588.45,1524.70,936.25,
984,927.71,1956.92,583.85,1524.90,941.05,
985,927.82,1958.15,581.90,1527.35,945.45,
986,927.93,1959.39,578.35,1514.30,935.95,
987,928.03,1960.62,580.80,1517.20,936.40,
988,928.14,1961.85,578.25,1512.70,934.45,
989,928.25,1963.08,577.55,1512.80,935.25,
990,928.35,1964.32,572.75,1515.10,942.35,
991,928.46,1965.54,571.75,1512.05,940.30,
992,928.56,1966.77,574.55,1523.25,948.70,
993,928.67,1968.00,570.30,1519.25,948.95,
994,928.78,1969.23,571.70,1505.95,934.25,
995,928.88,1970.45,568.15,1508.50,940.35,
996,928.99,1971.68,560.50,1496.55,936.05,
997,929.09,1972.90,553.55,1492.50,938.95,
998,929.20,1974.12,555.55,1499.85,944.30,
999,929.30,1975.34,543.95,1492.30,948.35,
1000,929.41,1976.56,537.35,1472.25,934.90,
1001,929.51,1977.78,538.35,1472.00,933.65,
1002,929.62,1979.00,534.70,1459.45,924.75,
1003,929.72,1980.22,527.25,1464.20,936.95,
1004,929.83,1981.43,528.95,1465.60,936.65,
1005,929.93,1982.65,518.35,1436.45,918.10,
1006,930.04,1983.86,516.90,1453.75,936.85,
1007,930.14,1985.08,513.85,1453.20,939.35,
1008,930.25,1986.29,504.55,1430.70,926.15,
1009,930.35,1987.50,505.00,1433.25,928.25,
1010,930.46,1988.71,502.60,1423.60,921.00,
1011,930.56,1989.92,489.60,1431.70,942.10,
1012,930.67,1991.13,493.25,1426.30,933.05,
1013,930.77,1992.34,486.85,1412.80,925.95,
1014,930.88,1993.54,486.30,1411.90,925.60,
1015,930.98,1994.75,480.40,1403.00,922.60,
1016,931.09,1995.95,472.80,1398.25,925.45,
1017,931.19,1997.16,471.00,1402.30,931.30,
1018,931.30,1998.36,466.40,1399.60,933.20,
1019,931.40,1999.56,464.95,1384.40,919.45,
1020,931.50,2000.76,457.85,1392.50,934.65,
1021,931.61,2001.96,451.40,1369.05,917.65,
1022,931.71,2003.16,446.95,1361.20,914.25,
1023,931.82,2004.36,444.40,1363.90,919.50,
