Time,Potential
0.00115,0.000423179153585806
0.05115,0.00431587360799313
0.10115,0.00919464975595474
0.15115,0.0142054921016097
0.20115,0.0192725453525782
0.25115,0.0243158768862486
0.30115,0.0292201638221741
0.35115,0.0343146286904812
0.40115,0.0393177159130573
0.45115,0.0443857200443745
0.50115,0.049353051930666
0.55115,0.0543371438980103
0.60115,0.0593092180788517
0.65115,0.064350314438343
0.70115,0.0693057551980019
0.75115,0.0742266699671745
0.80115,0.0792501419782639
0.85115,0.0843510553240776
0.90115,0.0893893614411354
0.95115,0.0943451747298241
1.00115,0.0993679687380791
1.05115,0.104355812072754
1.10115,0.109323926270008
1.15115,0.114242881536484
1.20115,0.119244992733002
1.25115,0.124254465103149
1.30115,0.129276216030121
1.35115,0.134325280785561
1.40115,0.139333382248878
1.45115,0.144344463944435
1.50115,0.14936026930809
1.55115,0.154327154159546
1.60115,0.159313872456551
1.65115,0.164197847247124
1.70115,0.169098526239395
1.75115,0.174078747630119
1.80115,0.178989008069038
1.85115,0.18406917154789
1.90115,0.189052000641823
1.95115,0.19394938647747
2.00115,0.198926270008087
2.05115,0.203914642333984
2.10115,0.208806499838829
2.15115,0.213852718472481
2.20115,0.218921184539795
2.25115,0.223848596215248
2.30115,0.22883865237236
2.35115,0.233841821551323
2.40115,0.238875284790993
2.45115,0.243744447827339
2.50115,0.248889833688736
2.55115,0.253968775272369
2.60115,0.259012937545776
2.65115,0.264022886753082
2.70115,0.269108295440674
2.75115,0.274002254009247
2.80115,0.279045641422272
2.85115,0.284082919359207
2.90115,0.289111912250519
2.95115,0.294173181056976
3.00115,0.299273759126663
3.05115,0.30428072810173
3.10115,0.309207260608673
3.15115,0.314140617847443
3.20115,0.319067507982254
3.25115,0.324077397584915
3.30115,0.329012364149094
3.35115,0.334012985229492
3.40115,0.339003413915634
3.45115,0.343957185745239
3.50115,0.349054783582687
3.55115,0.354022234678268
3.60115,0.358898222446442
3.65115,0.363954216241837
3.70115,0.368928104639053
3.75115,0.373934090137482
3.80115,0.378977835178375
3.85115,0.383995980024338
3.90115,0.389046937227249
3.95115,0.394041895866394
4.00115,0.398959159851074
4.05115,0.403963804244995
4.10115,0.408901572227478
4.15115,0.413914442062378
4.20115,0.418921232223511
4.25115,0.423951029777527
4.30115,0.428952217102051
4.35115,0.433909386396408
4.40115,0.438916921615601
4.45115,0.443846195936203
4.50115,0.448894113302231
4.55115,0.453912526369095
4.60115,0.458918780088425
4.65115,0.463987439870834
4.70115,0.468996971845627
4.75115,0.47393599152565
4.80115,0.478873074054718
4.85115,0.48392191529274
4.90115,0.488908290863037
4.95115,0.493867635726929
5.00115,0.498801827430725
5.05115,0.503734946250916
5.10115,0.508747577667236
5.15115,0.513754546642303
5.20115,0.51885586977005
5.25115,0.523886203765869
5.30115,0.528808891773224
5.35115,0.533893644809723
5.40115,0.538894712924957
5.45115,0.54382735490799
5.50115,0.548919379711151
5.55115,0.553933501243591
5.60115,0.5589559674263
5.65115,0.563952267169952
5.70115,0.569051921367645
5.75115,0.573945581912994
5.80115,0.578957974910736
5.85115,0.583975315093994
5.90115,0.588922381401062
5.95115,0.593887627124786
6.00115,0.598821222782135
6.05115,0.603770434856415
6.10115,0.608804225921631
6.15115,0.613805115222931
6.20115,0.618799805641174
6.25115,0.62379664182663
6.30115,0.628877341747284
6.35115,0.633828461170197
6.40115,0.638828635215759
6.45115,0.643877863883972
6.50115,0.648764669895172
6.55115,0.653930604457855
6.60115,0.658776879310608
6.65115,0.663902282714844
6.70115,0.668949127197266
6.75115,0.673861026763916
6.80115,0.678896844387054
6.85115,0.683905601501465
6.90115,0.688934981822968
6.95115,0.693919897079468
7.00115,0.698817372322083
7.05115,0.70397561788559
7.10115,0.708921372890472
7.15115,0.713943243026733
7.20115,0.718933939933777
7.25115,0.723875761032104
7.30115,0.72891104221344
7.35115,0.73385226726532
7.40115,0.73887050151825
7.45115,0.743957161903381
7.50115,0.748894572257996
7.55115,0.745571911334991
7.60115,0.740519762039185
7.65115,0.735546886920929
7.70115,0.730629980564117
7.75115,0.725600898265839
7.80115,0.720692992210388
7.85115,0.715786814689636
7.90115,0.71069473028183
7.95115,0.705664694309235
8.00115,0.700631737709045
8.05115,0.695627808570862
8.10115,0.690524458885193
8.15115,0.685600101947784
8.20115,0.680569648742676
8.25115,0.675594806671143
8.30115,0.670527040958405
8.35115,0.665665030479431
8.40115,0.660524487495422
8.45115,0.65556526184082
8.50115,0.650607824325562
8.55115,0.645601511001587
8.60115,0.640394747257233
8.65115,0.635561227798462
8.70115,0.630560457706451
8.75115,0.625562429428101
8.80115,0.620526432991028
8.85115,0.615511119365692
8.90115,0.610553026199341
8.95115,0.605575203895569
9.00115,0.600549221038818
9.05115,0.595549702644348
9.10115,0.590554594993591
9.15115,0.585697948932648
9.20115,0.580646812915802
9.25115,0.575747907161713
9.30115,0.570714831352234
9.35115,0.565633177757263
9.40115,0.560686051845551
9.45115,0.555653214454651
9.50115,0.550714373588562
9.55115,0.545620441436768
9.60115,0.540596306324005
9.65115,0.535627245903015
9.70115,0.530533492565155
9.75115,0.52554577589035
9.80115,0.520542442798615
9.85115,0.515481054782867
9.90115,0.510537207126617
9.95115,0.505555152893066
10.00115,0.500578284263611
10.05115,0.495606988668442
10.10115,0.490667343139648
10.15115,0.485652327537537
10.20115,0.480659931898117
10.25115,0.475724250078201
10.30115,0.470766127109528
10.35115,0.465677678585052
10.40115,0.46073305606842
10.45115,0.455644696950912
10.50115,0.450647175312042
10.55115,0.445672035217285
10.60115,0.440617442131042
10.65115,0.435735762119293
10.70115,0.430756449699402
10.75115,0.425774812698364
10.80115,0.420663237571716
10.85115,0.415645837783813
10.90115,0.410617589950562
10.95115,0.405785292387009
11.00115,0.400640040636063
11.05115,0.395824640989304
11.10115,0.390731781721115
11.15115,0.385756075382233
11.20115,0.380671858787537
11.25115,0.375703275203705
11.30115,0.370758920907974
11.35115,0.36567223072052
11.40115,0.360681921243668
11.45115,0.355701863765717
11.50115,0.35068342089653
11.55115,0.345741778612137
11.60115,0.340642422437668
11.65115,0.335767298936844
11.70115,0.330708205699921
11.75115,0.325789898633957
11.80115,0.320856273174286
11.85115,0.315959066152573
11.90115,0.310981333255768
11.95115,0.3059943318367
12.00115,0.301057815551758
12.05115,0.29599204659462
12.10115,0.290932267904282
12.15115,0.285769760608673
12.20115,0.280732244253159
12.25115,0.275817930698395
12.30115,0.270885407924652
12.35115,0.265918910503387
12.40115,0.260716289281845
12.45115,0.255673199892044
12.50115,0.250663161277771
12.55115,0.245648264884949
12.60115,0.240620642900467
12.65115,0.235615015029907
12.70115,0.230618730187416
12.75115,0.225570470094681
12.80115,0.220657378435135
12.85115,0.215560615062714
12.90115,0.210699498653412
12.95115,0.205612331628799
13.00115,0.200670793652534
13.05115,0.195705071091652
13.10115,0.190813228487968
13.15115,0.185867220163345
13.20115,0.180832549929619
13.25115,0.175902232527733
13.30115,0.170886442065239
13.35115,0.165956228971481
13.40115,0.161015078425407
13.45115,0.156140431761742
13.50115,0.151088714599609
13.55115,0.146096050739288
13.60115,0.141132712364197
13.65115,0.136129885911942
13.70115,0.13104809820652
13.75115,0.126024782657623
13.80115,0.120982699096203
13.85115,0.116024889051914
13.90115,0.111126475036144
13.95115,0.10609095543623
14.00115,0.101116009056568
14.05115,0.0961945876479149
14.10115,0.0911358818411827
14.15115,0.086161196231842
14.20115,0.0810301005840302
14.25115,0.0760774090886116
14.30115,0.0711061134934425
14.35115,0.0661273300647736
14.40115,0.0610628239810467
14.45115,0.0561244003474712
14.50115,0.0511222779750824
14.55115,0.0461154393851757
14.60115,0.0410727262496948
14.65115,0.0360966846346855
14.70115,0.0310139376670122
14.75115,0.0260729752480984
14.80115,0.0210063271224499
14.85115,0.0160165373235941
14.90115,0.0110540082678199
14.95115,0.00598136149346828
15.00115,0.00137608894146979
15.05115,-0.0037271601613611
15.10115,-0.0087396577000618
15.15115,-0.0137544330209494
15.20115,-0.0187617857009172
15.25115,-0.0236716791987419
15.30115,-0.0287307798862457
15.35115,-0.0336324945092201
15.40115,-0.0386013463139534
15.45115,-0.0436508096754551
15.50115,-0.0486031249165535
15.55115,-0.0535600930452347
15.60115,-0.0585668832063675
15.65115,-0.0634953752160072
15.70115,-0.0684551820158958
15.75115,-0.0735198855400085
15.80115,-0.0785233378410339
15.85115,-0.0834691077470779
15.90115,-0.0885545387864113
15.95115,-0.093464620411396
16.00115,-0.0984790250658989
16.05115,-0.103417582809925
16.10115,-0.108466789126396
16.15115,-0.113526456058025
16.20115,-0.118540517985821
16.25115,-0.123494423925877
16.30115,-0.128560811281204
16.35115,-0.133551597595215
16.40115,-0.138539046049118
16.45115,-0.143557384610176
16.50115,-0.148495346307755
16.55115,-0.153511092066765
16.60115,-0.158598646521568
16.65115,-0.16355088353157
16.70115,-0.168541923165321
16.75115,-0.173597291111946
16.80115,-0.178619965910912
16.85115,-0.183671459555626
16.90115,-0.188622638583183
16.95115,-0.193589866161346
17.00115,-0.198560670018196
17.05115,-0.203543141484261
17.10115,-0.208477392792702
17.15115,-0.213562965393066
17.20115,-0.218406468629837
17.25115,-0.223502442240715
17.30115,-0.228417128324509
17.35115,-0.23338308930397
17.40115,-0.238386765122414
17.45115,-0.243423223495483
17.50115,-0.248451188206673
17.55115,-0.253445684909821
17.60115,-0.258428364992142
17.65115,-0.263540834188461
17.70115,-0.268536657094955
17.75115,-0.273500114679337
17.80115,-0.278513193130493
17.85115,-0.28350242972374
17.90115,-0.288510948419571
17.95115,-0.29352268576622
18.00115,-0.298564851284027
18.05115,-0.303504168987274
18.10115,-0.308506995439529
18.15115,-0.313592523336411
18.20115,-0.318435579538345
18.25115,-0.323414981365204
18.30115,-0.32843554019928
18.35115,-0.333319962024689
18.40115,-0.338425725698471
18.45115,-0.343362540006638
18.50115,-0.34832164645195
18.55115,-0.353313982486725
18.60115,-0.35835462808609
18.65115,-0.363340198993683
18.70115,-0.368407994508743
18.75115,-0.373413860797882
18.80115,-0.378446787595749
18.85115,-0.383468627929688
18.90115,-0.388489335775375
18.95115,-0.393484711647034
19.00115,-0.398472845554352
19.05115,-0.4034743309021
19.10115,-0.408519476652145
19.15115,-0.41348534822464
19.20115,-0.418586373329163
19.25115,-0.423544406890869
19.30115,-0.428526967763901
19.35115,-0.433535069227219
19.40115,-0.43854683637619
19.45115,-0.443474054336548
19.50115,-0.448446393013
19.55115,-0.453463345766068
19.60115,-0.458421498537064
19.65115,-0.463429927825928
19.70115,-0.468417853116989
19.75115,-0.473478108644485
19.80115,-0.478412657976151
19.85115,-0.483424007892609
19.90115,-0.48833304643631
19.95115,-0.493360638618469
20.00115,-0.498350441455841
20.05115,-0.503368616104126
20.10115,-0.508342206478119
20.15115,-0.513461887836456
20.20115,-0.518314361572266
20.25115,-0.523422479629517
20.30115,-0.528389275074005
20.35115,-0.53336364030838
20.40115,-0.538377523422241
20.45115,-0.543362677097321
20.50115,-0.548266530036926
20.55115,-0.55337256193161
20.60115,-0.558310091495514
20.65115,-0.563348054885864
20.70115,-0.56837260723114
20.75115,-0.573462843894959
20.80115,-0.578442811965942
20.85115,-0.583451986312866
20.90115,-0.588439166545868
20.95115,-0.593416929244995
21.00115,-0.598371744155884
21.05115,-0.603393137454987
21.10115,-0.608441054821014
21.15115,-0.613438904285431
21.20115,-0.618451654911041
21.25115,-0.623467922210693
21.30115,-0.628459572792053
21.35115,-0.63341361284256
21.40115,-0.638487339019775
21.45115,-0.643407821655273
21.50115,-0.648480653762817
21.55115,-0.653432130813599
21.60115,-0.658411085605621
21.65115,-0.663461983203888
21.70115,-0.668519377708435
21.75115,-0.67352020740509
21.80115,-0.678580760955811
21.85115,-0.683608651161194
21.90115,-0.688462316989899
21.95115,-0.693555116653442
22.00115,-0.698425829410553
22.05115,-0.703441143035889
22.10115,-0.708403885364532
22.15115,-0.713416457176209
22.20115,-0.718380868434906
22.25115,-0.72332090139389
22.30115,-0.728339731693268
22.35115,-0.733318686485291
22.40115,-0.738312840461731
22.45115,-0.743292570114136
22.50115,-0.748364567756653
22.55115,-0.745047152042389
22.60115,-0.740060269832611
22.65115,-0.735052943229675
22.70115,-0.730142295360565
22.75115,-0.725054979324341
22.80115,-0.720098435878754
22.85115,-0.715111315250397
22.90115,-0.710168838500977
22.95115,-0.705206871032715
23.00115,-0.70020055770874
23.05115,-0.695221185684204
23.10115,-0.690276145935059
23.15115,-0.685235857963562
23.20115,-0.680259168148041
23.25115,-0.675283133983612
23.30115,-0.670237183570862
23.35115,-0.665196239948273
23.40115,-0.660220146179199
23.45115,-0.655172824859619
23.50115,-0.650135338306427
23.55115,-0.645125806331635
23.60115,-0.640157043933868
23.65115,-0.635114133358002
23.70115,-0.630106747150421
23.75115,-0.625160813331604
23.80115,-0.620180189609528
23.85115,-0.615229904651642
23.90115,-0.610095620155334
23.95115,-0.605171382427216
24.00115,-0.600147783756256
24.05115,-0.595090687274933
24.10115,-0.59007716178894
24.15115,-0.585309028625488
24.20115,-0.580402016639709
24.25115,-0.574485003948212
24.30115,-0.570216834545136
24.35115,-0.564956784248352
24.40115,-0.559956967830658
24.45115,-0.554917633533478
24.50115,-0.549647152423859
24.55115,-0.545065999031067
24.60115,-0.53992623090744
24.65115,-0.534934818744659
24.70115,-0.529981315135956
24.75115,-0.525083601474762
24.80115,-0.519950866699219
24.85115,-0.515141487121582
24.90115,-0.510099709033966
24.95115,-0.505079925060272
25.00115,-0.499998480081558
25.05115,-0.49507400393486
25.10115,-0.490115851163864
25.15115,-0.485177040100098
25.20115,-0.480084121227264
25.25115,-0.475097864866257
25.30115,-0.470162093639374
25.35115,-0.465129762887955
25.40115,-0.460134297609329
25.45115,-0.45511257648468
25.50115,-0.44986155629158
25.55115,-0.445146203041077
25.60115,-0.440090388059616
25.65115,-0.435316950082779
25.70115,-0.430257141590118
25.75115,-0.425320655107498
25.80115,-0.420152932405472
25.85115,-0.415259093046188
25.90115,-0.410436898469925
25.95115,-0.405193686485291
26.00115,-0.400136291980743
26.05115,-0.395260989665985
26.10115,-0.390015542507172
26.15115,-0.385143727064133
26.20115,-0.380176812410355
26.25115,-0.375034689903259
26.30115,-0.370060116052628
26.35115,-0.365084856748581
26.40115,-0.360094338655472
26.45115,-0.354986160993576
26.50115,-0.349998444318771
26.55115,-0.345075160264969
26.60115,-0.340011686086655
26.65115,-0.335086822509766
26.70115,-0.330044031143188
26.75115,-0.325118869543076
26.80115,-0.320160031318665
26.85115,-0.31526193022728
26.90115,-0.310235023498535
26.95115,-0.305236518383026
27.00115,-0.300304472446442
27.05115,-0.295140475034714
27.10115,-0.290145218372345
27.15115,-0.285147815942764
27.20115,-0.280239641666412
27.25115,-0.275246530771255
27.30115,-0.270194590091705
27.35115,-0.265133917331696
27.40115,-0.260157912969589
27.45115,-0.255162954330444
27.50115,-0.250168919563293
27.55115,-0.245046198368073
27.60115,-0.240067079663277
27.65115,-0.235060274600983
27.70115,-0.230154782533646
27.75115,-0.225087642669678
27.80115,-0.220133408904076
27.85115,-0.215228900313377
27.90115,-0.210184440016747
27.95115,-0.205235332250595
28.00115,-0.200263485312462
28.05115,-0.195257753133774
28.10115,-0.190267562866211
28.15115,-0.185360565781593
28.20115,-0.180329501628876
28.25115,-0.175304129719734
28.30115,-0.170263290405273
28.35115,-0.165205031633377
28.40115,-0.160266414284706
28.45115,-0.155190274119377
28.50115,-0.150201305747032
28.55115,-0.145232304930687
28.60115,-0.14017117023468
28.65115,-0.135201558470726
28.70115,-0.130175411701202
28.75115,-0.125211909413338
28.80115,-0.120163924992085
28.85115,-0.11512915045023
28.90115,-0.110211260616779
28.95115,-0.10513549298048
29.00115,-0.0999984666705132
29.05115,-0.0952087715268135
29.10115,-0.0901021808385849
29.15115,-0.0852015241980553
29.20115,-0.0802082866430283
29.25115,-0.0752006322145462
29.30115,-0.0701971277594566
29.35115,-0.0652758479118347
29.40115,-0.06027015671134
29.45115,-0.0553635470569134
29.50115,-0.0503342486917973
29.55115,-0.0453314557671547
29.60115,-0.0402981154620647
29.65115,-0.0352680571377277
29.70115,-0.0303669665008783
29.75115,-0.025414552539587
29.80115,-0.0204196702688932
29.85115,-0.0154454577714205
29.90115,-0.0104249268770218
29.95115,-0.00537197338417172
30.00115,-0.000429965497460216
30.05115,0.00443823682144284
30.10115,0.00930056162178516
30.15115,0.0142523078247905
30.20115,0.0193580985069275
30.25115,0.0243084244430065
30.30115,0.0293581914156675
30.35115,0.0344446562230587
30.40115,0.0394462458789349
30.45115,0.0444223992526531
30.50115,0.0494144260883331
30.55115,0.0544418729841709
30.60115,0.0593432784080505
30.65115,0.0644274801015854
30.70115,0.0693834722042084
30.75115,0.0742768570780754
30.80115,0.0794139802455902
30.85115,0.0843914151191711
30.90115,0.0894507467746735
30.95115,0.0944950953125954
31.00115,0.0995010882616043
31.05115,0.104506328701973
31.10115,0.109433338046074
31.15115,0.114435441792011
31.20115,0.11940885335207
31.25115,0.124361142516136
31.30115,0.129420056939125
31.35115,0.134457871317863
31.40115,0.139450147747993
31.45115,0.144387319684029
31.50115,0.149451777338982
31.55115,0.154531195759773
31.60115,0.159381672739983
31.65115,0.164314985275269
31.70115,0.169215142726898
31.75115,0.174202591180801
31.80115,0.179134786128998
31.85115,0.184212803840637
31.90115,0.189252287149429
31.95115,0.194094955921173
32.00115,0.199025392532349
32.05115,0.203944832086563
32.10115,0.208937957882881
32.15115,0.213899746537209
32.20115,0.219067737460136
32.25115,0.223940536379814
32.30115,0.228907257318497
32.35115,0.233994260430336
32.40115,0.238982707262039
32.45115,0.243916392326355
32.50115,0.248893305659294
32.55115,0.254036545753479
32.60115,0.259052723646164
32.65115,0.264174431562424
32.70115,0.269278556108475
32.75115,0.274128258228302
32.80115,0.279241174459457
32.85115,0.284128725528717
32.90115,0.2891546189785
32.95115,0.294278919696808
33.00115,0.299329966306686
33.05115,0.304367482662201
33.10115,0.309315741062164
33.15115,0.314270853996277
33.20115,0.319208323955536
33.25115,0.324157029390335
33.30115,0.329124242067337
33.35115,0.334131360054016
33.40115,0.33907425403595
33.45115,0.344040393829346
33.50115,0.349078923463821
33.55115,0.354133129119873
33.60115,0.359004348516464
33.65115,0.364034712314606
33.70115,0.369072407484055
33.75115,0.37394642829895
33.80115,0.379070699214935
33.85115,0.384060710668564
33.90115,0.389139920473099
33.95115,0.394131779670715
34.00115,0.399061977863312
34.05115,0.403985589742661
34.10115,0.409029752016068
34.15115,0.414020210504532
34.20115,0.41905489563942
34.25115,0.424100190401077
34.30115,0.429101854562759
34.35115,0.43401226401329
34.40115,0.438965737819672
34.45115,0.443985283374786
34.50115,0.448973745107651
34.55115,0.454046726226807
34.60115,0.459147453308105
34.65115,0.464091390371323
34.70115,0.469043910503387
34.75115,0.474079191684723
34.80115,0.479069888591766
34.85115,0.484125584363937
34.90115,0.489044517278671
34.95115,0.494106084108353
35.00115,0.498866230249405
35.05115,0.503965258598328
35.10115,0.508915305137634
35.15115,0.51393586397171
35.20115,0.518908262252808
35.25115,0.523985087871552
35.30115,0.528953313827515
35.35115,0.533984303474426
35.40115,0.538948655128479
35.45115,0.543991982936859
35.50115,0.549008667469025
35.55115,0.55402010679245
35.60115,0.559048235416412
35.65115,0.564087808132172
35.70115,0.569088816642761
35.75115,0.574091970920563
35.80115,0.579062163829803
35.85115,0.584033727645874
35.90115,0.58900648355484
35.95115,0.59404444694519
36.00115,0.598957121372223
36.05115,0.603923141956329
36.10115,0.608996331691742
36.15115,0.61397111415863
36.20115,0.618997633457184
36.25115,0.623924076557159
36.30115,0.628998756408691
36.35115,0.633911609649658
36.40115,0.638914942741394
36.45115,0.643913805484772
36.50115,0.648933291435242
36.55115,0.653949677944183
36.60115,0.658918261528015
36.65115,0.663958370685577
36.70115,0.669000506401062
36.75115,0.67404967546463
36.80115,0.679023027420044
36.85115,0.68400901556015
36.90115,0.689063429832459
36.95115,0.693919777870178
37.00115,0.699000835418701
37.05115,0.704040765762329
37.10115,0.709048748016357
37.15115,0.71407675743103
37.20115,0.7190922498703
37.25115,0.723999321460724
37.30115,0.728981494903564
37.35115,0.733952105045319
37.40115,0.738912045955658
37.45115,0.74397087097168
37.50115,0.748955130577087
37.55115,0.745698213577271
37.60115,0.740692317485809
37.65115,0.735686898231506
37.70115,0.730682492256165
37.75115,0.725700557231903
37.80115,0.72075617313385
37.85115,0.715830087661743
37.90115,0.710815370082855
37.95115,0.705739200115204
38.00115,0.700696408748627
38.05115,0.695612251758575
38.10115,0.690653502941132
38.15115,0.685716509819031
38.20115,0.680759966373444
38.25115,0.675791203975677
38.30115,0.670684814453125
38.35115,0.665704250335693
38.40115,0.660673558712006
38.45115,0.655616641044617
38.50115,0.650556087493896
38.55115,0.6456338763237
38.60115,0.64062511920929
38.65115,0.63560950756073
38.70115,0.63064706325531
38.75115,0.625638961791992
38.80115,0.620651543140411
38.85115,0.615625441074371
38.90115,0.610695242881775
38.95115,0.605616927146912
39.00115,0.600595593452454
39.05115,0.595662653446198
39.10115,0.590702772140503
39.15115,0.585697770118713
39.20115,0.580760359764099
39.25115,0.57576459646225
39.30115,0.570782005786896
39.35115,0.565803825855255
39.40115,0.560726404190063
39.45115,0.555830717086792
39.50115,0.550762474536896
39.55115,0.545699119567871
39.60115,0.540666818618774
39.65115,0.535719931125641
39.70115,0.530710458755493
39.75115,0.52570515871048
39.80115,0.520696997642517
39.85115,0.515621662139893
39.90115,0.510588943958282
39.95115,0.50566440820694
40.00115,0.500680267810822
40.05115,0.49568772315979
40.10115,0.490700423717499
40.15115,0.485761553049088
40.20115,0.480710357427597
40.25115,0.475794970989227
40.30115,0.470750957727432
40.35115,0.46587261557579
40.40115,0.460747569799423
40.45115,0.45570969581604
40.50115,0.450750470161438
40.55115,0.445666313171387
40.60115,0.440789788961411
40.65115,0.435728162527084
40.70115,0.430764019489288
40.75115,0.425856679677963
40.80115,0.420713514089584
40.85115,0.415752679109573
40.90115,0.410711139440537
40.95115,0.405665695667267
41.00115,0.400841593742371
41.05115,0.395803183317184
41.10115,0.39086577296257
41.15115,0.385850876569748
41.20115,0.380813628435135
41.25115,0.3757603764534
41.30115,0.370817810297012
41.35115,0.365862101316452
41.40115,0.360771715641022
41.45115,0.355714589357376
41.50115,0.350957930088043
41.55115,0.345778942108154
41.60115,0.340796679258347
41.65115,0.335774004459381
41.70115,0.330824762582779
41.75115,0.325854480266571
41.80115,0.320913970470428
41.85115,0.315979391336441
41.90115,0.311072051525116
41.95115,0.306032687425613
42.00115,0.301068425178528
42.05115,0.296003788709641
42.10115,0.290894001722336
42.15115,0.28596505522728
42.20115,0.280843794345856
42.25115,0.275898039340973
42.30115,0.271033376455307
42.35115,0.265900850296021
42.40115,0.260870784521103
42.45115,0.255732476711273
42.50115,0.250688374042511
42.55115,0.245675191283226
42.60115,0.240649372339249
42.65115,0.235674172639847
42.70115,0.230618998408318
42.75115,0.225690960884094
42.80115,0.220677882432938
42.85115,0.21563258767128
42.90115,0.210626617074013
42.95115,0.205699279904366
43.00115,0.200728341937065
43.05115,0.195746183395386
43.10115,0.190845623612404
43.15115,0.185881018638611
43.20115,0.180919498205185
43.25115,0.175901278853416
43.30115,0.170953184366226
43.35115,0.166049093008041
43.40115,0.161090821027756
43.45115,0.15610434114933
43.50115,0.151229113340378
43.55115,0.146186828613281
43.60115,0.141217291355133
43.65115,0.136164024472237
43.70115,0.131140395998955
43.75115,0.12611511349678
43.80115,0.121107898652554
43.85115,0.116115234792233
43.90115,0.111118018627167
43.95115,0.106226667761803
44.00115,0.101222671568394
44.05115,0.0961567014455795
44.10115,0.0912502035498619
44.15115,0.0862283259630203
44.20115,0.0811308547854424
44.25115,0.0761451944708824
44.30115,0.0711196959018707
44.35115,0.0661654472351074
44.40115,0.0611448660492897
44.45115,0.0561093688011169
44.50115,0.0511391833424568
44.55115,0.0462253279983997
44.60115,0.041157454252243
44.65115,0.0361439995467663
44.70115,0.0311126429587603
44.75115,0.0262183733284473
44.80115,0.0211035627871752
44.85115,0.0161106288433075
44.90115,0.0110632479190826
44.95115,0.00602071732282639
45.00115,0.00138548412360251
45.05115,-0.00365585065446794
45.10115,-0.00867165345698595
45.15115,-0.0137559808790684
45.20115,-0.0186971183866262
45.25115,-0.0236289463937283
45.30115,-0.0287187919020653
45.35115,-0.0335934422910213
45.40115,-0.0386456027626991
45.45115,-0.0435957908630371
45.50115,-0.0484692491590977
45.55115,-0.0534635484218597
45.60115,-0.0585642494261265
45.65115,-0.0634810477495193
45.70115,-0.068521536886692
45.75115,-0.0734595432877541
45.80115,-0.0784082859754562
45.85115,-0.0834918841719627
45.90115,-0.0885105431079865
45.95115,-0.0934392064809799
46.00115,-0.0983892232179642
46.05115,-0.103358320891857
46.10115,-0.108325399458408
46.15115,-0.113467462360859
46.20115,-0.118385523557663
46.25115,-0.123404823243618
46.30115,-0.128435045480728
46.35115,-0.133439600467682
46.40115,-0.13848640024662
46.45115,-0.143492475152016
46.50115,-0.14844898879528
46.55115,-0.153443321585655
46.60115,-0.158503830432892
46.65115,-0.163533568382263
46.70115,-0.168512836098671
46.75115,-0.173547133803368
46.80115,-0.178596466779709
46.85115,-0.183505207300186
46.90115,-0.188609570264816
46.95115,-0.193582072854042
47.00115,-0.198550224304199
47.05115,-0.203473791480064
47.10115,-0.208440110087395
47.15115,-0.213402941823006
47.20115,-0.218401372432709
47.25115,-0.223407596349716
47.30115,-0.228350311517715
47.35115,-0.233365148305893
47.40115,-0.238334715366364
47.45115,-0.243324935436249
47.50115,-0.24836403131485
47.55115,-0.253398030996323
47.60115,-0.258429527282715
47.65115,-0.263404011726379
47.70115,-0.268524587154388
47.75115,-0.27345997095108
47.80115,-0.278474450111389
47.85115,-0.283542424440384
47.90115,-0.288467139005661
47.95115,-0.293453872203827
48.00115,-0.298465132713318
48.05115,-0.303534358739853
48.10115,-0.308489680290222
48.15115,-0.313463717699051
48.20115,-0.318445444107056
48.25115,-0.323431313037872
48.30115,-0.328324437141418
48.35115,-0.333354443311691
48.40115,-0.338363230228424
48.45115,-0.34329816699028
48.50115,-0.34830430150032
48.55115,-0.353283315896988
48.60115,-0.358330905437469
48.65115,-0.363310843706131
48.70115,-0.368344783782959
48.75115,-0.373323500156403
48.80115,-0.378345191478729
48.85115,-0.383400171995163
48.90115,-0.38849937915802
48.95115,-0.393430560827255
49.00115,-0.39841902256012
49.05115,-0.40350130200386
49.10115,-0.408472299575806
49.15115,-0.41354513168335
49.20115,-0.41850933432579
49.25115,-0.423526972532272
49.30115,-0.428572803735733
49.35115,-0.43353995680809
49.40115,-0.438430339097977
49.45115,-0.443483233451843
49.50115,-0.448394447565079
49.55115,-0.453434765338898
49.60115,-0.458443373441696
49.65115,-0.463441014289856
49.70115,-0.46841287612915
49.75115,-0.473439007997513
49.80115,-0.478401839733124
49.85115,-0.483411103487015
49.90115,-0.488370835781097
49.95115,-0.493358969688416
50.00115,-0.498332649469376
50.05115,-0.503385961055756
50.10115,-0.508496105670929
50.15115,-0.513516187667847
50.20115,-0.518485486507416
50.25115,-0.523443043231964
50.30115,-0.528243958950043
50.35115,-0.533315241336823
50.40115,-0.538311004638672
50.45115,-0.543322145938873
50.50115,-0.548407256603241
50.55115,-0.553371131420136
50.60115,-0.558391213417053
50.65115,-0.563309252262115
50.70115,-0.568249583244324
50.75115,-0.573412835597992
50.80115,-0.578344345092773
50.85115,-0.583453297615051
50.90115,-0.588408529758453
50.95115,-0.593407213687897
51.00115,-0.598311960697174
51.05115,-0.603433847427368
51.10115,-0.608501374721527
51.15115,-0.613446533679962
51.20115,-0.618459761142731
51.25115,-0.623367369174957
51.30115,-0.628383994102478
51.35115,-0.633418619632721
51.40115,-0.638331055641174
51.45115,-0.643405616283417
51.50115,-0.648355841636658
51.55115,-0.653355360031128
51.60115,-0.658395648002625
51.65115,-0.663444459438324
51.70115,-0.668445944786072
51.75115,-0.673497498035431
51.80115,-0.678465485572815
51.85115,-0.683517158031464
51.90115,-0.688484311103821
51.95115,-0.693386435508728
52.00115,-0.698417127132416
52.05115,-0.703381419181824
52.10115,-0.708458065986633
52.15115,-0.713325798511505
52.20115,-0.718331336975098
52.25115,-0.723340034484863
52.30115,-0.728291690349579
52.35115,-0.733279645442963
52.40115,-0.738256752490997
52.45115,-0.743314206600189
52.50115,-0.748219192028046
52.55115,-0.745003759860992
52.60115,-0.739998877048492
52.65115,-0.735029757022858
52.70115,-0.729999840259552
52.75115,-0.724991142749786
52.80115,-0.72007691860199
52.85115,-0.714967966079712
52.90115,-0.710102438926697
52.95115,-0.705131649971008
53.00115,-0.700108647346497
53.05115,-0.695220351219177
53.10115,-0.690190970897675
53.15115,-0.68522036075592
53.20115,-0.680172979831696
53.25115,-0.675159811973572
53.30115,-0.67018461227417
53.35115,-0.665163159370422
53.40115,-0.66010993719101
53.45115,-0.655110061168671
53.50115,-0.650077223777771
53.55115,-0.645133256912231
53.60115,-0.640054941177368
53.65115,-0.635144829750061
53.70115,-0.630025207996368
53.75115,-0.625118672847748
53.80115,-0.62019807100296
53.85115,-0.615078389644623
53.90115,-0.61010730266571
53.95115,-0.605065166950226
54.00115,-0.600075662136078
54.05115,-0.595003485679626
54.10115,-0.590097725391388
54.15115,-0.585075676441193
54.20115,-0.580120205879211
54.25115,-0.575192809104919
54.30115,-0.57009094953537
54.35115,-0.565081536769867
54.40115,-0.56002402305603
54.45115,-0.555068612098694
54.50115,-0.550050795078278
54.55115,-0.545023918151855
54.60115,-0.539971232414246
54.65115,-0.53502345085144
54.70115,-0.529952764511108
54.75115,-0.525008618831635
54.80115,-0.520037353038788
54.85115,-0.515138924121857
54.90115,-0.510095477104187
54.95115,-0.505052804946899
55.00115,-0.500005781650543
55.05115,-0.495047926902771
55.10115,-0.490029573440552
55.15115,-0.485045254230499
55.20115,-0.480110675096512
55.25115,-0.475112617015839
55.30115,-0.470100462436676
55.35115,-0.465085864067078
55.40115,-0.460122495889664
55.45115,-0.455143719911575
55.50115,-0.450213462114334
55.55115,-0.445221364498138
55.60115,-0.440161675214767
55.65115,-0.435196667909622
55.70115,-0.430142045021057
55.75115,-0.425225049257278
55.80115,-0.420244127511978
55.85115,-0.415216892957687
55.90115,-0.410135835409164
55.95115,-0.405137211084366
56.00115,-0.4001624584198
56.05115,-0.3951475918293
56.10115,-0.390126615762711
56.15115,-0.385064750909805
56.20115,-0.380032241344452
56.25115,-0.375006467103958
56.30115,-0.370018988847733
56.35115,-0.365038514137268
56.40115,-0.359996140003204
56.45115,-0.355029553174973
56.50115,-0.350035578012466
56.55115,-0.344948500394821
56.60115,-0.339991182088852
56.65115,-0.334982693195343
56.70115,-0.330046355724335
56.75115,-0.325046837329865
56.80115,-0.320114076137543
56.85115,-0.315147280693054
56.90115,-0.310200750827789
56.95115,-0.305161863565445
57.00115,-0.300142079591751
57.05115,-0.295130610466003
57.10115,-0.29012542963028
57.15115,-0.285139322280884
57.20115,-0.280194491147995
57.25115,-0.275135159492493
57.30115,-0.270033091306686
57.35115,-0.265184700489044
57.40115,-0.260080099105835
57.45115,-0.255061954259872
57.50115,-0.250125408172607
57.55115,-0.245063722133636
57.60115,-0.240024849772453
57.65115,-0.235040962696075
57.70115,-0.230044573545456
57.75115,-0.225079640746117
57.80115,-0.220052897930145
57.85115,-0.215103045105934
57.90115,-0.210162580013275
57.95115,-0.205166280269623
58.00115,-0.200150728225708
58.05115,-0.195234209299088
58.10115,-0.190194725990295
58.15115,-0.185173720121384
58.20115,-0.180234044790268
58.25115,-0.175223827362061
58.30115,-0.170259833335876
58.35115,-0.165169104933739
58.40115,-0.160171210765839
58.45115,-0.155192509293556
58.50115,-0.150129839777946
58.55115,-0.14510490000248
58.60115,-0.140082105994225
58.65115,-0.135171204805374
58.70115,-0.130129978060722
58.75115,-0.12505567073822
58.80115,-0.120112307369709
58.85115,-0.115119732916355
58.90115,-0.110132314264774
58.95115,-0.105095639824867
59.00115,-0.100039929151535
59.05115,-0.095121756196022
59.10115,-0.0901317223906517
59.15115,-0.0850988179445267
59.20115,-0.0800422206521034
59.25115,-0.0751310661435127
59.30115,-0.0701160132884979
59.35115,-0.0651309788227081
59.40115,-0.0602283403277397
59.45115,-0.0551865920424461
59.50115,-0.050187386572361
59.55115,-0.0451904870569706
59.60115,-0.0402912795543671
59.65115,-0.0352658703923225
59.70115,-0.0303131230175495
59.75115,-0.025318069383502
59.80115,-0.0203021932393312
59.85115,-0.0154212359338999
59.90115,-0.0103626139461994
59.95115,-0.00529801566153765
60.00115,-0.000358404999133199
60.05115,0.00447134487330914
60.10115,0.0093707088381052
60.15115,0.0144111840054393
60.20115,0.0194067433476448
60.25115,0.0244954880326986
60.30115,0.0294194277375937
60.35115,0.0345946066081524
60.40115,0.0395199805498123
60.45115,0.044544130563736
60.50115,0.0494549870491028
60.55115,0.0544712580740452
60.60115,0.0594584345817566
60.65115,0.0644320845603943
60.70115,0.069487027823925
60.75115,0.0744239315390587
60.80115,0.0794614851474762
60.85115,0.0844740346074104
60.90115,0.0895273685455322
60.95115,0.0945183858275414
61.00115,0.0995606034994125
61.05115,0.104419641196728
61.10115,0.109507828950882
61.15115,0.114475883543491
61.20115,0.119397148489952
61.25115,0.124426856637001
61.30115,0.12944883108139
61.35115,0.13458925485611
61.40115,0.139534175395966
61.45115,0.144435182213783
61.50115,0.149496793746948
61.55115,0.154615953564644
61.60115,0.159449100494385
61.65115,0.164373949170113
61.70115,0.169362038373947
61.75115,0.174277514219284
61.80115,0.17920358479023
61.85115,0.184210196137428
61.90115,0.189194917678833
61.95115,0.194081395864487
62.00115,0.199102431535721
62.05115,0.204002737998962
62.10115,0.209032014012337
62.15115,0.214052885770798
62.20115,0.219045519828796
62.25115,0.224033877253532
62.30115,0.229022860527039
62.35115,0.23403725028038
62.40115,0.239018216729164
62.45115,0.243926405906677
62.50115,0.249060049653053
62.55115,0.254029512405396
62.60115,0.259185999631882
62.65115,0.264295488595963
62.70115,0.269333302974701
62.75115,0.274266302585602
62.80115,0.27922061085701
62.85115,0.28424733877182
62.90115,0.289326339960098
62.95115,0.294265896081924
63.00115,0.299386352300644
63.05115,0.304419070482254
63.10115,0.309346705675125
63.15115,0.314278304576874
63.20115,0.319251149892807
63.25115,0.324196845293045
63.30115,0.329193711280823
63.35115,0.334155708551407
63.40115,0.339171469211578
63.45115,0.3441042304039
63.50115,0.349113196134567
63.55115,0.35419300198555
63.60115,0.359135746955872
63.65115,0.364165723323822
63.70115,0.369135826826096
63.75115,0.374048233032227
63.80115,0.379114151000977
63.85115,0.384163677692413
63.90115,0.389153450727463
63.95115,0.394214242696762
64.00115,0.399152517318726
64.05115,0.404127061367035
64.10115,0.409046739339828
64.15115,0.414067894220352
64.20115,0.419043004512787
64.25115,0.424214750528336
64.30115,0.429156988859177
64.35115,0.434129059314728
64.40115,0.439021497964859
64.45115,0.444029778242111
64.50115,0.449048668146133
64.55115,0.45414787530899
64.60115,0.459135144948959
64.65115,0.464143306016922
64.70115,0.469073712825775
64.75115,0.474116861820221
64.80115,0.479121148586273
64.85115,0.484095692634583
64.90115,0.489128738641739
64.95115,0.494113683700562
65.00115,0.499038249254227
65.05115,0.503976166248322
65.10115,0.508972704410553
65.15115,0.513961911201477
65.20115,0.518976390361786
65.25115,0.524033427238464
65.30115,0.529048919677734
65.35115,0.533973217010498
65.40115,0.539050996303558
65.45115,0.544037580490112
65.50115,0.549003660678864
65.55115,0.554067671298981
65.60115,0.559026658535004
65.65115,0.564197659492493
65.70115,0.569168448448181
65.75115,0.574099123477936
65.80115,0.579134225845337
65.85115,0.584026455879211
65.90115,0.589015603065491
65.95115,0.593988537788391
66.00115,0.59903484582901
66.05115,0.603951990604401
66.10115,0.608965218067169
66.15115,0.613961160182953
66.20115,0.619048118591309
66.25115,0.624000370502472
66.30115,0.6290123462677
66.35115,0.633927643299103
66.40115,0.638964831829071
66.45115,0.643889665603638
66.50115,0.648901045322418
66.55115,0.653960227966309
66.60115,0.65900593996048
66.65115,0.664055705070496
66.70115,0.669063746929169
66.75115,0.674024760723114
66.80115,0.67903608083725
66.85115,0.684048473834991
66.90115,0.689088642597198
66.95115,0.694079995155334
67.00115,0.698989689350128
67.05115,0.704009652137756
67.10115,0.709036231040955
67.15115,0.714188635349274
67.20115,0.71915876865387
67.25115,0.724120199680328
67.30115,0.729029178619385
67.35115,0.734001457691193
67.40115,0.739017844200134
67.45115,0.744017422199249
67.50115,0.748991429805756
67.55115,0.745793759822845
67.60115,0.740740180015564
67.65115,0.735719084739685
67.70115,0.730784475803375
67.75115,0.725758850574493
67.80115,0.72076678276062
67.85115,0.715817153453827
67.90115,0.710795104503632
67.95115,0.705688774585724
68.00115,0.700736224651337
68.05115,0.695752799510956
68.10115,0.690716326236725
68.15115,0.685734391212463
68.20115,0.680695116519928
68.25115,0.675719499588013
68.30115,0.670820713043213
68.35115,0.665836930274963
68.40115,0.660713493824005
68.45115,0.655644774436951
68.50115,0.650712609291077
68.55115,0.645740985870361
68.60115,0.640719592571259
68.65115,0.635635197162628
68.70115,0.630683600902557
68.75115,0.6257244348526
68.80115,0.620723724365234
68.85115,0.61573326587677
68.90115,0.61065810918808
68.95115,0.605670571327209
69.00115,0.600689589977264
69.05115,0.595758855342865
69.10115,0.590733110904694
69.15115,0.585853040218353
69.20115,0.580849230289459
69.25115,0.575838387012482
69.30115,0.570896804332733
69.35115,0.565885305404663
69.40115,0.560808122158051
69.45115,0.555863261222839
69.50115,0.550872564315796
69.55115,0.545843839645386
69.60115,0.540673077106476
69.65115,0.535722553730011
69.70115,0.530699729919434
69.75115,0.525771021842957
69.80115,0.520709156990051
69.85115,0.515649199485779
69.90115,0.510685086250305
69.95115,0.505708158016205
70.00115,0.500687181949615
70.05115,0.495812326669693
70.10115,0.490773350000381
70.15115,0.485797017812729
70.20115,0.480822414159775
70.25115,0.47581672668457
70.30115,0.470842599868774
70.35115,0.465834647417068
70.40115,0.460848301649094
70.45115,0.455848872661591
70.50115,0.45075049996376
70.55115,0.445747792720795
70.60115,0.440797716379166
70.65115,0.435828655958176
70.70115,0.430836766958237
70.75115,0.425940722227097
70.80115,0.420815199613571
70.85115,0.415832191705704
70.90115,0.410828679800034
70.95115,0.405834436416626
71.00115,0.400861650705338
71.05115,0.395913928747177
71.10115,0.390825897455215
71.15115,0.385904759168625
71.20115,0.380862563848495
71.25115,0.375868380069733
71.30115,0.37080329656601
71.35115,0.365809381008148
71.40115,0.360876262187958
71.45115,0.355880171060562
71.50115,0.350814551115036
71.55115,0.345949769020081
71.60115,0.34082219004631
71.65115,0.335939407348633
71.70115,0.330894142389297
71.75115,0.325952172279358
71.80115,0.320981234312058
71.85115,0.316010981798172
71.90115,0.311074882745743
71.95115,0.306117802858353
72.00115,0.301093220710754
72.05115,0.296136260032654
72.10115,0.291049629449844
72.15115,0.285989612340927
72.20115,0.280909419059753
72.25115,0.275976032018662
72.30115,0.270973265171051
72.35115,0.266005724668503
72.40115,0.260977417230606
72.45115,0.255854487419128
72.50115,0.250775694847107
72.55115,0.245774164795876
72.60115,0.240782722830772
72.65115,0.235776990652084
72.70115,0.230730310082436
72.75115,0.225725725293159
72.80115,0.220785051584244
72.85115,0.215776354074478
72.90115,0.210685938596725
72.95115,0.20576523244381
73.00115,0.200767397880554
73.05115,0.195828855037689
73.10115,0.190935298800468
73.15115,0.185999393463135
73.20115,0.180961862206459
73.25115,0.175996795296669
73.30115,0.171027317643166
73.35115,0.166056305170059
73.40115,0.161167502403259
73.45115,0.156204953789711
73.50115,0.151333749294281
73.55115,0.146218448877335
73.60115,0.141192674636841
73.65115,0.136236235499382
73.70115,0.131202340126038
73.75115,0.126128807663918
73.80115,0.121181584894657
73.85115,0.116164408624172
73.90115,0.111169040203094
73.95115,0.106247015297413
74.00115,0.101288512349129
74.05115,0.0962315276265144
74.10115,0.0912397056818008
74.15115,0.08620934933424
74.20115,0.0812149941921234
74.25115,0.0761367678642273
74.30115,0.0711054354906082
74.35115,0.066181868314743
74.40115,0.0611970499157906
74.45115,0.0562036857008934
74.50115,0.0512617379426956
74.55115,0.0462371110916138
74.60115,0.0412499234080315
74.65115,0.0360984168946743
74.70115,0.0311970356851816
74.75115,0.026169441640377
74.80115,0.0211524069309235
74.85115,0.0161329004913569
74.90115,0.0111261820420623
74.95115,0.00601514894515276
75.00115,0.00142301898449659
75.05115,-0.00366660580039024
75.10115,-0.00863351579755545
75.15115,-0.0136519875377417
75.20115,-0.0186151657253504
75.25115,-0.0236812420189381
75.30115,-0.0285713970661163
75.35115,-0.0334922857582569
75.40115,-0.0385704152286053
75.45115,-0.0435290597379208
75.50115,-0.0485158786177635
75.55115,-0.0534762255847454
75.60115,-0.058477271348238
75.65115,-0.0634789168834686
75.70115,-0.0684491172432899
75.75115,-0.0734919086098671
75.80115,-0.0784210860729218
75.85115,-0.083366259932518
75.90115,-0.0884547531604767
75.95115,-0.0933845937252045
76.00115,-0.0982880741357803
76.05115,-0.103366672992706
76.10115,-0.108412772417068
76.15115,-0.113384053111076
76.20115,-0.118274949491024
76.25115,-0.123361840844154
76.30115,-0.128437995910645
76.35115,-0.13339327275753
76.40115,-0.138441666960716
76.45115,-0.143445670604706
76.50115,-0.148431420326233
76.55115,-0.153420224785805
76.60115,-0.158404409885406
76.65115,-0.163462281227112
76.70115,-0.168493777513504
76.75115,-0.173553347587585
76.80115,-0.178556844592094
76.85115,-0.183520123362541
76.90115,-0.188419550657272
76.95115,-0.193489879369736
77.00115,-0.198481038212776
77.05115,-0.203421041369438
77.10115,-0.208390161395073
77.15115,-0.213331550359726
77.20115,-0.218319579958916
77.25115,-0.223378241062164
77.30115,-0.2283935546875
77.35115,-0.23334738612175
77.40115,-0.238358125090599
77.45115,-0.24327526986599
77.50115,-0.248342052102089
77.55115,-0.253409951925278
77.60115,-0.258360952138901
77.65115,-0.263396739959717
77.70115,-0.268364042043686
77.75115,-0.273417711257935
77.80115,-0.278452217578888
77.85115,-0.283414751291275
77.90115,-0.288391441106796
77.95115,-0.293306052684784
78.00115,-0.298513680696487
78.05115,-0.303454548120499
78.10115,-0.308391720056534
78.15115,-0.313418000936508
78.20115,-0.31842178106308
78.25115,-0.323390066623688
78.30115,-0.328325182199478
78.35115,-0.333290547132492
78.40115,-0.338204383850098
78.45115,-0.343312859535217
78.50115,-0.348285526037216
78.55115,-0.353243857622147
78.60115,-0.35824579000473
78.65115,-0.363390415906906
78.70115,-0.368380963802338
78.75115,-0.373227030038834
78.80115,-0.378379911184311
78.85115,-0.383340984582901
78.90115,-0.388305336236954
78.95115,-0.393388599157333
79.00115,-0.398353546857834
79.05115,-0.40336799621582
79.10115,-0.408382922410965
79.15115,-0.413422703742981
79.20115,-0.418478339910507
79.25115,-0.423462122678757
79.30115,-0.428398042917252
79.35115,-0.433426350355148
79.40115,-0.438378095626831
79.45115,-0.443423420190811
79.50115,-0.448417782783508
79.55115,-0.453483998775482
79.60115,-0.458456069231033
79.65115,-0.463413506746292
79.70115,-0.468332797288895
79.75115,-0.473369687795639
79.80115,-0.478380650281906
79.85115,-0.483407467603683
79.90115,-0.488358020782471
79.95115,-0.49330946803093
80.00115,-0.498298048973084
80.05115,-0.503254294395447
80.10115,-0.508326053619385
80.15115,-0.513423144817352
80.20115,-0.518405377864838
80.25115,-0.523334503173828
80.30115,-0.528265833854675
80.35115,-0.533206045627594
80.40115,-0.538270592689514
80.45115,-0.543285012245178
80.50115,-0.548235714435577
80.55115,-0.553279519081116
80.60115,-0.558347344398499
80.65115,-0.56325089931488
80.70115,-0.568374574184418
80.75115,-0.573341488838196
80.80115,-0.578319489955902
80.85115,-0.583415865898132
80.90115,-0.588325798511505
80.95115,-0.593297779560089
81.00115,-0.598324835300446
81.05115,-0.603334546089172
81.10115,-0.608386933803558
81.15115,-0.613424003124237
81.20115,-0.618432343006134
81.25115,-0.623400211334229
81.30115,-0.628409326076508
81.35115,-0.63337767124176
81.40115,-0.638399600982666
81.45115,-0.643343448638916
81.50115,-0.648335516452789
81.55115,-0.653377711772919
81.60115,-0.658430337905884
81.65115,-0.663397669792175
81.70115,-0.668423295021057
81.75115,-0.673430979251862
81.80115,-0.678370416164398
81.85115,-0.683415353298187
81.90115,-0.688463270664215
81.95115,-0.693360090255737
82.00115,-0.698394536972046
82.05115,-0.70332807302475
82.10115,-0.708370268344879
82.15115,-0.713304817676544
82.20115,-0.71829080581665
82.25115,-0.723197221755981
82.30115,-0.728224098682404
82.35115,-0.733247935771942
82.40115,-0.73819226026535
82.45115,-0.74314546585083
82.50115,-0.748248636722565
82.55115,-0.744931280612946
82.60115,-0.739988088607788
82.65115,-0.735060930252075
82.70115,-0.729941606521606
82.75115,-0.724958896636963
82.80115,-0.719937443733215
82.85115,-0.71500152349472
82.90115,-0.709974467754364
82.95115,-0.705023109912872
83.00115,-0.700095474720001
83.05115,-0.695084512233734
83.10115,-0.690068066120148
83.15115,-0.685140013694763
83.20115,-0.680118501186371
83.25115,-0.675188064575195
83.30115,-0.670148253440857
83.35115,-0.665151834487915
83.40115,-0.66012042760849
83.45115,-0.655071496963501
83.50115,-0.650025248527527
83.55115,-0.645053565502167
83.60115,-0.640160381793976
83.65115,-0.635181844234467
83.70115,-0.630125284194946
83.75115,-0.625067889690399
83.80115,-0.620089471340179
83.85115,-0.615073144435883
83.90115,-0.610111951828003
83.95115,-0.605068206787109
84.00115,-0.600081086158752
84.05115,-0.59496945142746
84.10115,-0.590052902698517
84.15115,-0.5850590467453
84.20115,-0.580097734928131
84.25115,-0.575035095214844
84.30115,-0.570023417472839
84.35115,-0.565037965774536
84.40115,-0.559995949268341
84.45115,-0.554972589015961
84.50115,-0.549994170665741
84.55115,-0.544945955276489
84.60115,-0.540003836154938
84.65115,-0.534956634044647
84.70115,-0.529974699020386
84.75115,-0.525006353855133
84.80115,-0.52001291513443
84.85115,-0.515109598636627
84.90115,-0.510080277919769
84.95115,-0.504955351352692
85.00115,-0.499991208314896
85.05115,-0.495043575763702
85.10115,-0.489956468343735
85.15115,-0.485062599182129
85.20115,-0.480035066604614
85.25115,-0.475004255771637
85.30115,-0.470069020986557
85.35115,-0.465094804763794
85.40115,-0.46007826924324
85.45115,-0.455104559659958
85.50115,-0.450102418661118
85.55115,-0.445155322551727
85.60115,-0.440191179513931
85.65115,-0.435141772031784
85.70115,-0.430158674716949
85.75115,-0.425148874521255
85.80115,-0.420166879892349
85.85115,-0.415128469467163
85.90115,-0.410139352083206
85.95115,-0.405103802680969
86.00115,-0.400107026100159
86.05115,-0.395161002874374
86.10115,-0.39011412858963
86.15115,-0.385095328092575
86.20115,-0.38001748919487
86.25115,-0.375040143728256
86.30115,-0.370100468397141
86.35115,-0.364991039037704
86.40115,-0.359970808029175
86.45115,-0.355030059814453
86.50115,-0.349926292896271
86.55115,-0.344921290874481
86.60115,-0.339934676885605
86.65115,-0.334972560405731
86.70115,-0.330024868249893
86.75115,-0.325069725513458
86.80115,-0.320066809654236
86.85115,-0.315096735954285
86.90115,-0.310097694396973
86.95115,-0.305105626583099
87.00115,-0.300178349018097
87.05115,-0.295121163129807
87.10115,-0.290090888738632
87.15115,-0.285124361515045
87.20115,-0.280071198940277
87.25115,-0.275215029716492
87.30115,-0.270162165164948
87.35115,-0.265137642621994
87.40115,-0.260030210018158
87.45115,-0.255094468593597
87.50115,-0.250099062919617
87.55115,-0.245006501674652
87.60115,-0.240003824234009
87.65115,-0.235057145357132
87.70115,-0.230032324790955
87.75115,-0.22505596280098
87.80115,-0.220066338777542
87.85115,-0.21503783762455
87.90115,-0.210041612386703
87.95115,-0.20513941347599
88.00115,-0.200157761573792
88.05115,-0.195136085152626
88.10115,-0.190135955810547
88.15115,-0.185176908969879
88.20115,-0.180259093642235
88.25115,-0.175176233053207
88.30115,-0.170166149735451
88.35115,-0.165109530091286
88.40115,-0.160180538892746
88.45115,-0.155131295323372
88.50115,-0.150163799524307
88.55115,-0.14508230984211
88.60115,-0.140140131115913
88.65115,-0.135112032294273
88.70115,-0.130107089877129
88.75115,-0.125006347894669
88.80115,-0.119991026818752
88.85115,-0.115049041807652
88.90115,-0.110040359199047
88.95115,-0.105052314698696
89.00115,-0.0999840050935745
89.05115,-0.0949586555361748
89.10115,-0.090056374669075
89.15115,-0.0850596576929092
89.20115,-0.0801222994923592
89.25115,-0.0750940144062042
89.30115,-0.0700869038701057
89.35115,-0.0650929361581802
89.40115,-0.0601380988955498
89.45115,-0.0550953187048435
89.50115,-0.0501373894512653
89.55115,-0.0451626777648926
89.60115,-0.0401556082069874
89.65115,-0.035163439810276
89.70115,-0.0302779078483582
89.75115,-0.0253657475113869
89.80115,-0.0202653147280216
89.85115,-0.0153289260342717
89.90115,-0.0103170229122043
89.95115,-0.00531029654666781
89.99865,-0.000511395162902772
