Time,Current
0.0009,-0.00000000064494
0.0209,-0.0000000025774
0.0409,-0.0000000012891
0.0609,-0.00000000064494
0.0809,0.0000000022538
0.1009,-0.00000000064494
0.1209,-0.0000000022553
0.1409,-0.00000000096702
0.1609,-0.0000000012891
0.1809,0.0000000016096
0.2009,-0.00000000096702
0.2209,-0.0000000028995
0.2409,-0.0000000012891
0.2609,-0.00000000032286
0.2809,0.0000000016096
0.3009,-0.00000000096702
0.3209,-0.0000000032216
0.3409,-0.00000000096702
0.3609,-0.00000000096702
0.3809,0.0000000016096
0.4009,-0.00000000032286
0.4209,-0.0000000025774
0.4409,-0.00000000096702
0.4609,-0.00000000064494
0.4809,0.0000000016096
0.5009,-0.00000000064494
0.5209,-0.0000000028995
0.5409,-0.0000000016112
0.5609,-0.00000000000078654
0.5809,0.0000000019317
0.6009,0.00000000032129
0.6209,-0.0000000016112
0.6409,-0.00000000096702
0.6609,-0.00000000000078654
0.6809,0.0000000016096
0.7009,-0.00000000032286
0.7209,-0.0000000022553
0.7409,-0.0000000016112
0.7609,-0.00000000096702
0.7809,0.0000000028979
0.8009,-0.00000000032286
0.8209,-0.0000000025774
0.8409,-0.0000000012891
0.8609,0.00000000032129
0.8809,0.0000000022538
0.9009,-0.00000000064494
0.9209,-0.0000000022553
0.9409,-0.00000000096702
0.9609,-0.00000000032286
0.9809,0.0000000025758
1.0009,-0.00000000064494
1.0209,-0.0000000028995
1.0409,-0.00000000096702
1.0609,-0.00000000000078654
1.0809,0.0000000022538
1.1009,-0.00000000032286
1.1209,-0.0000000022553
1.1409,-0.00000000064494
1.1609,-0.00000000032286
1.1809,0.0000000022538
1.2009,-0.00000000000078654
1.2209,-0.0000000022553
1.2409,-0.00000000032286
1.2609,-0.00000000032286
1.2809,0.0000000022538
1.3009,-0.00000000096702
1.3209,-0.0000000025774
1.3409,-0.00000000064494
1.3609,-0.00000000000078654
1.3809,0.0000000028979
1.4009,-0.00000000032286
1.4209,-0.0000000022553
1.4409,-0.00000000064494
1.4609,0.00000000032129
1.4809,0.0000000025758
1.5009,0.00000000064337
1.5209,-0.0000000019333
1.5409,0.00000000032129
1.5609,0.00000000032129
1.5809,0.0000000025758
1.6009,0.00000000064337
1.6209,-0.0000000012891
1.6409,-0.00000000000078654
1.6609,-0.00000000000078654
1.6809,0.0000000028979
1.7009,0.00000000064337
1.7209,-0.0000000012891
1.7409,-0.00000000000078654
1.7609,0.00000000096545
1.7809,0.0000000022538
1.8009,-0.00000000000078654
1.8209,-0.0000000022553
1.8409,-0.00000000096702
1.8609,-0.00000000000078654
1.8809,0.0000000028979
1.9009,-0.00000000096702
1.9209,-0.00000000096702
1.9409,-0.00000000064494
1.9609,-0.00000000032286
1.9809,0.0000000016096
2.0009,-0.00000000032286
2.0209,-0.0000000022553
2.0409,-0.00000000064494
2.0609,-0.00000000032286
2.0809,0.0000000019317
2.1009,0.00000000032129
2.1209,-0.0000000022553
2.1409,-0.00000000064494
2.1609,-0.00000000000078654
2.1809,0.0000000022538
2.2009,-0.00000000000078654
2.2209,-0.0000000019333
2.2409,-0.00000000096702
2.2609,-0.00000000032286
2.2809,0.0000000019317
2.3009,-0.00000000064494
2.3209,-0.0000000025774
2.3409,-0.00000000064494
2.3609,-0.00000000064494
2.3809,0.0000000012875
2.4009,-0.00000000096702
2.4209,-0.0000000035436
2.4409,-0.0000000012891
2.4609,-0.0000000012891
2.4809,0.00000000096545
2.5009,0.00000000032129
2.5209,-0.0000000028995
2.5409,-0.0000000012891
2.5609,-0.00000000032286
2.5809,0.0000000022538
2.6009,-0.00000000064494
2.6209,-0.0000000019333
2.6409,-0.00000000096702
2.6609,-0.00000000096702
2.6809,0.0000000019317
2.7009,-0.00000000032286
2.7209,-0.0000000019333
2.7409,-0.00000000064494
2.7609,-0.00000000064494
2.7809,0.0000000019317
2.8009,-0.00000000032286
2.8209,-0.0000000025774
2.8409,-0.00000000064494
2.8609,-0.00000000032286
2.8809,0.0000000016096
2.9009,-0.00000000096702
2.9209,-0.0000000022553
2.9409,-0.00000000064494
2.9609,0.00000000032129
2.9809,0.0000000022538
3.0009,-0.00000000096702
3.0209,-0.0000000028995
3.0409,-0.00000000096702
3.0609,-0.00000000032286
3.0809,0.0000000019317
3.1009,-0.00000000096702
3.1209,-0.0000000019333
3.1409,-0.00000000064494
3.1609,0.00000000032129
3.1809,0.0000000019317
3.2009,-0.00000000032286
3.2209,-0.0000000012891
3.2409,-0.0000000012891
3.2609,-0.00000000000078654
3.2809,0.0000000025758
3.3009,-0.00000000096702
3.3209,-0.0000000022553
3.3409,-0.00000000064494
3.3609,-0.00000000064494
3.3809,0.0000000022538
3.4009,-0.00000000032286
3.4209,-0.0000000016112
3.4409,-0.00000000096702
3.4609,-0.00000000096702
3.4809,0.0000000019317
3.5009,-0.00000000032286
3.5209,-0.0000000019333
3.5409,-0.00000000032286
3.5609,-0.00000000064494
3.5809,0.0000000022538
3.6009,-0.00000000032286
3.6209,-0.0000000019333
3.6409,-0.0000000012891
3.6609,-0.00000000064494
3.6809,0.00000000322
3.7009,-0.00000000096702
3.7209,-0.0000000019333
3.7409,-0.00000000096702
3.7609,-0.00000000000078654
3.7809,0.0000000019317
3.8009,-0.00000000000078654
3.8209,-0.0000000022553
3.8409,-0.00000000096702
3.8609,-0.00000000096702
3.8809,0.0000000022538
3.9009,-0.00000000000078654
3.9209,-0.0000000022553
3.9409,-0.00000000096702
3.9609,0.00000000032129
3.9809,0.0000000016096
4.0009,-0.00000000000078654
4.0209,-0.0000000019333
4.0409,-0.00000000000078654
4.0609,-0.00000000032286
4.0809,0.0000000025758
4.1009,-0.00000000032286
4.1209,-0.0000000025774
4.1409,-0.00000000064494
4.1609,-0.00000000096702
4.1809,0.0000000025758
4.2009,-0.00000000032286
4.2209,-0.0000000016112
4.2409,-0.00000000032286
4.2609,-0.00000000032286
4.2809,0.0000000025758
4.3009,-0.00000000000078654
4.3209,-0.0000000022553
4.3409,-0.00000000032286
4.3609,0.00000000032129
4.3809,0.0000000025758
4.4009,-0.00000000000078654
4.4209,-0.0000000019333
4.4409,-0.00000000032286
4.4609,-0.00000000000078654
4.4809,0.0000000022538
4.5009,-0.00000000032286
4.5209,-0.0000000025774
4.5409,-0.00000000032286
4.5609,-0.00000000000078654
4.5809,0.0000000019317
4.6009,0.00000000032129
4.6209,-0.0000000016112
4.6409,-0.00000000032286
4.6609,-0.00000000000078654
4.6809,0.00000000322
4.7009,0.00000000096545
4.7209,-0.0000000016112
4.7409,-0.00000000064494
4.7609,0.00000000064337
4.7809,0.0000000035421
4.8009,-0.00000000000078654
4.8209,-0.00000000064494
4.8409,0.00000000032129
4.8609,-0.00000000000078654
4.8809,0.0000000028979
4.9009,0.00000000096545
4.9209,-0.0000000012891
4.9409,0.00000000032129
4.9609,0.0000000012875
4.9809,0.00000000322
5.0009,0.00000000096545
5.0209,-0.00000000000078654
5.0409,0.00000000096545
5.0609,0.0000000028979
5.0809,0.0000000051525
5.1009,0.0000000028979
5.1209,-0.00000000032286
5.1409,0.0000000028979
5.1609,0.0000000038641
5.1809,0.0000000064408
5.2009,0.0000000038641
5.2209,0.0000000022538
5.2409,0.0000000041862
5.2609,0.0000000061187
5.2809,0.0000000080512
5.3009,0.0000000061187
5.3209,0.0000000051525
5.3409,0.0000000070849
5.3609,0.0000000086953
5.3809,0.000000011594
5.4009,0.0000000096615
5.4209,0.0000000093395
5.4409,0.000000011916
5.4609,0.000000013849
5.4809,0.000000017069
5.5009,0.000000016103
5.5209,0.000000017391
5.5409,0.000000019002
5.5609,0.000000023511
5.5809,0.000000026732
5.6009,0.00000002641
5.6209,0.000000028986
5.6409,0.000000032207
5.6609,0.000000038649
5.6809,0.000000042513
5.7009,0.000000044446
5.7209,0.000000049599
5.7409,0.00000005443
5.7609,0.000000063771
5.7809,0.000000069568
5.8009,0.000000074077
5.8209,0.000000084384
5.8409,0.000000090825
5.8609,0.00000010596
5.8809,0.00000011434
5.9009,0.00000012432
5.9209,0.00000014236
5.9409,0.00000015234
5.9609,0.00000017972
5.9809,0.0000001926
6.0009,0.00000021128
6.0209,0.00000024317
6.0409,0.00000026056
6.0609,0.00000030468
6.0809,0.00000032369
6.1009,0.00000035879
6.1209,0.0000004158
6.1409,0.0000004435
6.1609,0.00000051726
6.1809,0.00000054914
6.2009,0.00000060969
6.2209,0.00000070986
6.2409,0.0000007572
6.2609,0.00000087927
6.2809,0.00000092823
6.3009,0.0000010271
6.3209,0.000001183
6.3409,0.0000012619
6.3609,0.0000014458
6.3809,0.0000015289
6.4009,0.0000016751
6.4209,0.000001916
6.4409,0.0000020349
6.4609,0.0000023099
6.4809,0.0000024265
6.5009,0.0000026552
6.5209,0.000002986
6.5409,0.000003157
6.5609,0.0000035074
6.5809,0.0000036984
6.6009,0.000004005
6.6209,0.0000044237
6.6409,0.0000046672
6.6609,0.0000051049
6.6809,0.0000053706
6.7009,0.0000057616
6.7209,0.0000062306
6.7409,0.0000065636
6.7609,0.0000070706
6.7809,0.0000074123
6.8009,0.0000078667
6.8209,0.0000084185
6.8409,0.0000088288
6.8609,0.000009396
6.8809,0.0000098282
6.9009,0.000010363
6.9209,0.000010943
6.9409,0.000011442
6.9609,0.000012057
6.9809,0.000012575
7.0009,0.000013164
7.0209,0.000013799
7.0409,0.000014349
7.0609,0.000015029
7.0809,0.000015599
7.1009,0.000016234
7.1209,0.000016907
7.1409,0.000017529
7.1609,0.000018228
7.1809,0.000018876
7.2009,0.000019549
7.2209,0.000020261
7.2409,0.000020941
7.2609,0.000021667
7.2809,0.000022366
7.3009,0.000023065
7.3209,0.000023797
7.3409,0.000024522
7.3609,0.00002526
7.3809,0.000026005
7.4009,0.000026717
7.4209,0.000027501
7.4409,0.00002822
7.4609,0.000029003
7.4809,0.000029767
7.5009,0.000030525
7.5209,0.000031315
7.5409,0.000032079
7.5609,0.000032882
7.5809,0.000033665
7.6009,0.000034449
7.6209,0.000035245
7.6409,0.000036035
7.6609,0.000036864
7.6809,0.000037648
7.7009,0.000038483
7.7209,0.000039293
7.7409,0.000040095
7.7609,0.000040924
7.7809,0.000041747
7.8009,0.00004255
7.8209,0.000043411
7.8409,0.00004422
7.8609,0.000045049
7.8809,0.000045891
7.9009,0.000046726
7.9209,0.000047568
7.9409,0.000048403
7.9609,0.000049271
7.9809,0.000050093
8.0009,0.000050864
8.0209,0.000050029
8.0409,0.000049174
8.0609,0.000048345
8.0809,0.000047484
8.1009,0.000046636
8.1209,0.000045813
8.1409,0.000044991
8.1609,0.000044143
8.1809,0.00004332
8.2009,0.000042511
8.2209,0.000041701
8.2409,0.00004086
8.2609,0.000040044
8.2809,0.000039221
8.3009,0.000038412
8.3209,0.000037596
8.3409,0.000036787
8.3609,0.000035997
8.3809,0.000035187
8.4009,0.000034391
8.4209,0.000033601
8.4409,0.000032798
8.4609,0.000032027
8.4809,0.000031244
8.5009,0.000030447
8.5209,0.00002969
8.5409,0.000028925
8.5609,0.000028174
8.5809,0.000027417
8.6009,0.000026672
8.6209,0.000025947
8.6409,0.00002517
8.6609,0.000024483
8.6809,0.000023732
8.7009,0.000023007
8.7209,0.000022321
8.7409,0.000021576
8.7609,0.000020896
8.7809,0.000020171
8.8009,0.000019478
8.8209,0.000018811
8.8409,0.000018118
8.8609,0.000017496
8.8809,0.00001681
8.9009,0.000016156
8.9209,0.000015554
8.9409,0.000014887
8.9609,0.000014336
8.9809,0.000013669
9.0009,0.000013061
9.0209,0.000012536
9.0409,0.000011921
9.0609,0.000011416
9.0809,0.000010801
9.1009,0.000010257
9.1209,0.0000098102
9.1409,0.000009232
9.1609,0.0000088104
9.1809,0.0000082561
9.2009,0.000007782
9.2209,0.0000074116
9.2409,0.0000069053
9.2609,0.0000065623
9.2809,0.0000060654
9.3009,0.0000056769
9.3209,0.0000053745
9.3409,0.0000049403
9.3609,0.000004682
9.3809,0.0000042543
9.4009,0.0000039426
9.4209,0.0000037322
9.4409,0.0000033583
9.4609,0.0000031853
9.4809,0.0000028336
9.5009,0.000002605
9.5209,0.000002461
9.5409,0.0000021827
9.5609,0.000002061
9.5809,0.0000017975
9.6009,0.0000016432
9.6209,0.0000015489
9.6409,0.0000013569
9.6609,0.0000012838
9.6809,0.0000011089
9.7009,0.00000099908
9.7209,0.0000009453
9.7409,0.00000081872
9.7609,0.00000077331
9.7809,0.0000006609
9.8009,0.00000059584
9.8209,0.00000056009
9.8409,0.00000048247
9.8609,0.00000045445
9.8809,0.00000039036
9.9009,0.0000003501
9.9209,0.00000032723
9.9409,0.00000028407
9.9609,0.00000026765
9.9809,0.00000023157
10.0009,0.00000020677
10.0209,0.00000019389
10.0409,0.00000016684
10.0609,0.00000015846
10.0809,0.00000013753
10.1009,0.00000012174
10.1209,0.00000011369
10.1409,0.000000098233
10.1609,0.000000093724
10.1809,0.000000082451
10.2009,0.000000072789
10.2209,0.000000066669
10.2409,0.000000058939
10.2609,0.000000056685
10.2809,0.00000005121
10.3009,0.000000043802
10.3209,0.000000039293
10.3409,0.000000035106
10.3609,0.000000034139
10.3809,0.000000031563
10.4009,0.00000002641
10.4209,0.000000022223
10.4409,0.000000021256
10.4609,0.00000002029
10.4809,0.000000019646
10.5009,0.000000016747
10.5209,0.000000013526
10.5409,0.000000013204
10.5609,0.00000001256
10.5809,0.000000013849
10.6009,0.0000000096615
10.6209,0.000000007407
10.6409,0.000000007407
10.6609,0.000000007407
10.6809,0.0000000086953
10.7009,0.0000000064408
10.7209,0.0000000038641
10.7409,0.0000000048304
10.7609,0.0000000041862
10.7809,0.0000000067628
10.8009,0.0000000038641
10.8209,0.00000000096545
10.8409,0.0000000022538
10.8609,0.0000000025758
10.8809,0.0000000048304
10.9009,0.0000000022538
10.9209,-0.00000000000078654
10.9409,0.0000000012875
10.9609,0.0000000019317
10.9809,0.0000000035421
11.0009,0.0000000012875
11.0209,-0.00000000096702
11.0409,0.00000000064337
11.0609,0.0000000016096
11.0809,0.0000000022538
11.1009,0.00000000096545
11.1209,-0.0000000016112
11.1409,-0.00000000000078654
11.1609,0.00000000032129
11.1809,0.0000000022538
11.2009,-0.00000000032286
11.2209,-0.0000000016112
11.2409,-0.00000000032286
11.2609,-0.00000000032286
11.2809,0.0000000028979
11.3009,0.00000000064337
11.3209,-0.00000000096702
11.3409,-0.00000000000078654
11.3609,-0.00000000064494
11.3809,0.0000000028979
11.4009,-0.00000000000078654
11.4209,-0.0000000022553
11.4409,-0.00000000032286
11.4609,0.00000000032129
11.4809,0.0000000022538
11.5009,-0.00000000000078654
11.5209,-0.0000000025774
11.5409,-0.00000000032286
11.5609,-0.00000000064494
11.5809,0.0000000022538
11.6009,-0.00000000032286
11.6209,-0.0000000016112
11.6409,-0.00000000064494
11.6609,-0.00000000032286
11.6809,0.0000000016096
11.7009,-0.00000000096702
11.7209,-0.0000000022553
11.7409,-0.00000000032286
11.7609,-0.00000000032286
11.7809,0.0000000022538
11.8009,-0.00000000032286
11.8209,-0.0000000025774
11.8409,-0.00000000000078654
11.8609,-0.00000000064494
11.8809,0.0000000028979
11.9009,-0.00000000064494
11.9209,-0.0000000022553
11.9409,-0.00000000096702
11.9609,-0.00000000032286
11.9809,0.0000000016096
12.0009,-0.00000000064494
12.0209,-0.0000000019333
12.0409,-0.00000000064494
12.0609,0.00000000032129
12.0809,0.0000000022538
12.1009,-0.00000000064494
12.1209,-0.0000000016112
12.1409,-0.00000000032286
12.1609,0.00000000064337
12.1809,0.0000000019317
12.2009,-0.00000000064494
12.2209,-0.0000000016112
12.2409,-0.00000000096702
12.2609,-0.00000000000078654
12.2809,0.0000000019317
12.3009,-0.00000000064494
12.3209,-0.0000000025774
12.3409,-0.00000000096702
12.3609,-0.00000000064494
12.3809,0.0000000016096
12.4009,-0.00000000064494
12.4209,-0.0000000028995
12.4409,-0.00000000000078654
12.4609,0.00000000032129
12.4809,0.0000000019317
12.5009,-0.0000000012891
12.5209,-0.0000000019333
12.5409,-0.00000000000078654
12.5609,-0.00000000000078654
12.5809,0.0000000019317
12.6009,-0.0000000022553
12.6209,-0.0000000019333
12.6409,-0.00000000096702
12.6609,0.00000000064337
12.6809,0.0000000022538
12.7009,-0.0000000016112
12.7209,-0.0000000016112
12.7409,0.00000000032129
12.7609,-0.00000000000078654
12.7809,0.0000000025758
12.8009,-0.00000000096702
12.8209,-0.0000000019333
12.8409,-0.00000000096702
12.8609,-0.00000000032286
12.8809,0.0000000025758
12.9009,-0.00000000000078654
12.9209,-0.0000000019333
12.9409,0.00000000064337
12.9609,0.00000000096545
12.9809,0.0000000019317
13.0009,-0.00000000032286
13.0209,-0.0000000016112
13.0409,-0.00000000000078654
13.0609,0.00000000032129
13.0809,0.0000000022538
13.1009,-0.00000000000078654
13.1209,-0.0000000019333
13.1409,0.00000000032129
13.1609,-0.00000000064494
13.1809,0.0000000022538
13.2009,0.00000000064337
13.2209,-0.0000000019333
13.2409,-0.00000000064494
13.2609,0.00000000032129
13.2809,0.0000000022538
13.3009,0.00000000032129
13.3209,-0.0000000016112
13.3409,-0.00000000032286
13.3609,0.00000000064337
13.3809,0.0000000019317
13.4009,-0.00000000000078654
13.4209,-0.0000000022553
13.4409,-0.00000000064494
13.4609,0.00000000064337
13.4809,0.0000000019317
13.5009,0.00000000032129
13.5209,-0.0000000016112
13.5409,0.00000000032129
13.5609,-0.00000000000078654
13.5809,0.0000000022538
13.6009,0.00000000064337
13.6209,-0.0000000022553
13.6409,-0.00000000064494
13.6609,-0.00000000000078654
13.6809,0.0000000022538
13.7009,0.00000000064337
13.7209,-0.0000000012891
13.7409,-0.00000000000078654
13.7609,0.00000000064337
13.7809,0.0000000022538
13.8009,0.00000000032129
13.8209,-0.00000000096702
13.8409,-0.0000000012891
13.8609,-0.00000000000078654
13.8809,0.0000000022538
13.9009,0.00000000032129
13.9209,-0.0000000016112
13.9409,-0.00000000096702
13.9609,-0.00000000032286
13.9809,0.0000000022538
14.0009,0.00000000064337
14.0209,-0.0000000012891
14.0409,-0.00000000032286
14.0609,0.00000000064337
14.0809,0.0000000019317
14.1009,-0.00000000064494
14.1209,-0.00000000064494
14.1409,-0.00000000032286
14.1609,0.00000000096545
14.1809,0.0000000019317
14.2009,0.00000000064337
14.2209,-0.00000000096702
14.2409,-0.00000000000078654
14.2609,-0.00000000000078654
14.2809,0.0000000012875
14.3009,0.00000000032129
14.3209,-0.0000000012891
14.3409,-0.00000000032286
14.3609,-0.00000000000078654
14.3809,0.0000000028979
14.4009,-0.00000000032286
14.4209,-0.00000000096702
14.4409,-0.00000000064494
14.4609,-0.00000000000078654
14.4809,0.0000000019317
14.5009,-0.00000000032286
14.5209,-0.0000000012891
14.5409,-0.00000000064494
14.5609,-0.00000000064494
14.5809,0.0000000022538
14.6009,-0.00000000064494
14.6209,-0.00000000096702
14.6409,-0.00000000032286
14.6609,-0.00000000096702
14.6809,0.0000000022538
14.7009,-0.00000000064494
14.7209,-0.0000000012891
14.7409,0.00000000032129
14.7609,-0.00000000000078654
14.7809,0.0000000025758
14.8009,-0.0000000012891
14.8209,-0.00000000096702
14.8409,-0.00000000032286
14.8609,-0.00000000000078654
14.8809,0.0000000012875
14.9009,-0.00000000064494
14.9209,-0.00000000064494
14.9409,-0.00000000032286
14.9609,0.00000000032129
14.9809,0.0000000025758
15.0009,-0.0000000016112
15.0209,-0.00000000064494
15.0409,-0.00000000064494
15.0609,-0.00000000000078654
15.0809,0.0000000016096
15.1009,-0.0000000016112
15.1209,-0.00000000064494
15.1409,-0.00000000032286
15.1609,-0.00000000032286
15.1809,0.0000000012875
15.2009,-0.0000000016112
15.2209,-0.0000000012891
15.2409,-0.00000000064494
15.2609,-0.00000000000078654
15.2809,0.0000000019317
15.3009,-0.00000000096702
15.3209,-0.00000000096702
15.3409,-0.00000000032286
15.3609,-0.00000000096702
15.3809,0.0000000019317
15.4009,-0.0000000012891
15.4209,-0.0000000016112
15.4409,-0.00000000064494
15.4609,0.00000000032129
15.4809,0.0000000025758
15.5009,-0.0000000022553
15.5209,-0.0000000016112
15.5409,-0.00000000096702
15.5609,-0.00000000000078654
15.5809,0.0000000025758
15.6009,-0.00000000096702
15.6209,-0.0000000012891
15.6409,-0.00000000064494
15.6609,0.00000000032129
15.6809,0.0000000019317
15.7009,-0.0000000019333
15.7209,-0.0000000012891
15.7409,-0.00000000000078654
15.7609,-0.00000000032286
15.7809,0.0000000025758
15.8009,-0.00000000096702
15.8209,-0.0000000016112
15.8409,-0.00000000032286
15.8609,-0.00000000064494
15.8809,0.0000000019317
15.9009,-0.00000000064494
15.9209,-0.0000000019333
15.9409,-0.00000000064494
15.9609,0.00000000064337
15.9809,0.0000000019317
16.0009,-0.00000000096702
16.0209,-0.0000000019333
16.0409,-0.00000000064494
16.0609,-0.00000000032286
16.0809,0.0000000022538
16.1009,-0.00000000064494
16.1209,-0.0000000022553
16.1409,-0.00000000096702
16.1609,-0.00000000000078654
16.1809,0.0000000025758
16.2009,-0.00000000096702
16.2209,-0.0000000035436
16.2409,-0.00000000096702
16.2609,-0.00000000000078654
16.2809,0.0000000028979
16.3009,-0.00000000032286
16.3209,-0.0000000035436
16.3409,-0.00000000064494
16.3609,-0.00000000032286
16.3809,0.0000000028979
16.4009,-0.00000000096702
16.4209,-0.0000000025774
16.4409,-0.00000000000078654
16.4609,0.00000000064337
16.4809,0.0000000028979
16.5009,-0.00000000064494
16.5209,-0.0000000019333
16.5409,-0.00000000032286
16.5609,-0.00000000000078654
16.5809,0.0000000025758
16.6009,-0.00000000096702
16.6209,-0.0000000028995
16.6409,-0.00000000000078654
16.6609,0.00000000032129
16.6809,0.0000000025758
16.7009,-0.00000000064494
16.7209,-0.0000000025774
16.7409,-0.00000000064494
16.7609,-0.00000000000078654
16.7809,0.0000000025758
16.8009,0.00000000064337
16.8209,-0.0000000028995
16.8409,-0.00000000032286
16.8609,0.00000000064337
16.8809,0.0000000025758
16.9009,-0.00000000032286
16.9209,-0.0000000025774
16.9409,-0.00000000032286
16.9609,-0.00000000064494
16.9809,0.0000000019317
17.0009,-0.00000000064494
17.0209,-0.0000000028995
17.0409,-0.00000000096702
17.0609,-0.00000000000078654
17.0809,0.0000000025758
17.1009,-0.00000000032286
17.1209,-0.0000000019333
17.1409,-0.00000000064494
17.1609,0.00000000064337
17.1809,0.0000000022538
17.2009,-0.00000000032286
17.2209,-0.0000000025774
17.2409,-0.00000000064494
17.2609,-0.00000000032286
17.2809,0.0000000016096
17.3009,-0.00000000064494
17.3209,-0.0000000016112
17.3409,-0.00000000032286
17.3609,-0.00000000000078654
17.3809,0.0000000019317
17.4009,-0.00000000032286
17.4209,-0.0000000019333
17.4409,-0.0000000012891
17.4609,-0.00000000032286
17.4809,0.0000000016096
17.5009,-0.00000000064494
17.5209,-0.0000000016112
17.5409,-0.00000000096702
17.5609,0.00000000064337
17.5809,0.0000000025758
17.6009,-0.00000000096702
17.6209,-0.0000000016112
17.6409,-0.00000000032286
17.6609,-0.00000000000078654
17.6809,0.0000000016096
17.7009,-0.00000000096702
17.7209,-0.0000000012891
17.7409,-0.00000000064494
17.7609,-0.00000000000078654
17.7809,0.0000000019317
17.8009,-0.0000000012891
17.8209,-0.0000000012891
17.8409,-0.00000000064494
17.8609,-0.00000000064494
17.8809,0.00000000096545
17.9009,-0.0000000016112
17.9209,-0.00000000096702
17.9409,-0.00000000000078654
17.9609,-0.00000000000078654
17.9809,0.0000000012875
18.0009,-0.00000000064494
18.0209,-0.00000000064494
18.0409,-0.00000000000078654
18.0609,-0.00000000032286
18.0809,0.0000000016096
18.1009,-0.0000000016112
18.1209,-0.0000000016112
18.1409,-0.00000000064494
18.1609,-0.00000000000078654
18.1809,0.00000000096545
18.2009,-0.00000000096702
18.2209,-0.0000000012891
18.2409,-0.00000000096702
18.2609,-0.00000000064494
18.2809,0.0000000019317
18.3009,-0.00000000064494
18.3209,-0.0000000016112
18.3409,-0.0000000012891
18.3609,-0.00000000064494
18.3809,0.0000000016096
18.4009,-0.00000000096702
18.4209,-0.0000000012891
18.4409,-0.0000000012891
18.4609,-0.00000000032286
18.4809,0.00000000096545
18.5009,-0.00000000064494
18.5209,-0.0000000016112
18.5409,-0.0000000012891
18.5609,-0.00000000000078654
18.5809,0.0000000012875
18.6009,-0.00000000032286
18.6209,-0.0000000012891
18.6409,-0.00000000064494
18.6609,-0.00000000000078654
18.6809,0.0000000012875
18.7009,-0.00000000096702
18.7209,-0.00000000064494
18.7409,-0.00000000064494
18.7609,-0.00000000032286
18.7809,0.0000000019317
18.8009,-0.00000000096702
18.8209,-0.00000000096702
18.8409,-0.0000000012891
18.8609,-0.00000000032286
18.8809,0.00000000096545
18.9009,-0.00000000064494
18.9209,-0.00000000096702
18.9409,-0.00000000032286
18.9609,-0.00000000032286
18.9809,0.0000000016096
19.0009,-0.00000000000078654
19.0209,-0.0000000012891
19.0409,-0.00000000096702
19.0609,-0.00000000096702
19.0809,0.0000000012875
19.1009,-0.00000000032286
19.1209,-0.00000000064494
19.1409,-0.00000000032286
19.1609,-0.00000000000078654
19.1809,0.0000000019317
19.2009,-0.00000000064494
19.2209,-0.00000000032286
19.2409,-0.00000000096702
19.2609,-0.00000000032286
19.2809,0.00000000096545
19.3009,0.00000000032129
19.3209,-0.0000000016112
19.3409,-0.00000000096702
19.3609,-0.00000000032286
19.3809,0.0000000016096
19.4009,-0.00000000064494
19.4209,-0.0000000016112
19.4409,-0.00000000064494
19.4609,-0.00000000064494
19.4809,0.0000000022538
19.5009,-0.00000000032286
19.5209,-0.00000000096702
19.5409,-0.00000000096702
19.5609,0.00000000032129
19.5809,0.0000000012875
19.6009,-0.00000000096702
19.6209,-0.0000000019333
19.6409,0.00000000032129
19.6609,-0.00000000096702
19.6809,0.0000000012875
19.7009,-0.00000000064494
19.7209,-0.0000000012891
19.7409,-0.00000000096702
19.7609,-0.00000000032286
19.7809,0.0000000022538
19.8009,-0.00000000032286
19.8209,-0.0000000012891
19.8409,-0.00000000064494
19.8609,-0.00000000032286
19.8809,0.0000000016096
19.9009,-0.00000000064494
19.9209,-0.00000000096702
19.9409,-0.00000000096702
19.9609,-0.00000000064494
19.9809,0.0000000019317
20.0009,-0.00000000064494
20.0209,-0.00000000064494
20.0409,-0.00000000064494
20.0609,0.00000000032129
20.0809,0.0000000019317
20.1009,-0.0000000012891
20.1209,-0.00000000096702
20.1409,-0.00000000096702
20.1609,-0.00000000000078654
20.1809,0.0000000019317
20.2009,-0.0000000019333
20.2209,-0.00000000064494
20.2409,-0.00000000000078654
20.2609,-0.00000000096702
20.2809,0.0000000019317
20.3009,-0.0000000019333
20.3209,-0.0000000016112
20.3409,-0.00000000032286
20.3609,-0.00000000064494
20.3809,0.0000000016096
20.4009,-0.0000000022553
20.4209,-0.0000000012891
20.4409,-0.00000000096702
20.4609,-0.00000000096702
20.4809,0.00000000096545
20.5009,-0.0000000025774
20.5209,-0.0000000012891
20.5409,-0.00000000096702
20.5609,-0.00000000032286
20.5809,0.0000000016096
20.6009,-0.0000000035436
20.6209,-0.0000000016112
20.6409,-0.00000000000078654
20.6609,-0.00000000032286
20.6809,0.0000000012875
20.7009,-0.0000000038657
20.7209,-0.00000000064494
20.7409,-0.00000000064494
20.7609,0.00000000032129
20.7809,0.0000000019317
20.8009,-0.0000000038657
20.8209,-0.0000000016112
20.8409,-0.00000000032286
20.8609,-0.00000000032286
20.8809,0.0000000012875
20.9009,-0.0000000045099
20.9209,-0.00000000032286
20.9409,-0.00000000096702
20.9609,-0.00000000064494
20.9809,0.00000000096545
21.0009,-0.0000000041878
21.0209,-0.00000000096702
21.0409,-0.00000000000078654
21.0609,-0.00000000064494
21.0809,0.00000000096545
21.1009,-0.0000000048319
21.1209,-0.0000000012891
21.1409,-0.0000000016112
21.1609,-0.00000000096702
21.1809,0.00000000064337
21.2009,-0.0000000048319
21.2209,-0.0000000012891
21.2409,-0.00000000096702
21.2609,-0.00000000096702
21.2809,0.0000000016096
21.3009,-0.0000000048319
21.3209,-0.00000000064494
21.3409,-0.00000000000078654
21.3609,-0.00000000032286
21.3809,0.0000000012875
21.4009,-0.0000000054761
21.4209,-0.00000000064494
21.4409,-0.00000000064494
21.4609,-0.00000000096702
21.4809,0.00000000096545
21.5009,-0.0000000048319
21.5209,-0.0000000019333
21.5409,-0.00000000096702
21.5609,-0.00000000032286
21.5809,0.0000000016096
21.6009,-0.0000000048319
21.6209,-0.0000000012891
21.6409,-0.00000000064494
21.6609,-0.00000000000078654
21.6809,0.0000000012875
21.7009,-0.0000000035436
21.7209,-0.0000000016112
21.7409,-0.0000000012891
21.7609,-0.00000000032286
21.7809,0.00000000096545
21.8009,-0.0000000038657
21.8209,-0.0000000022553
21.8409,-0.0000000012891
21.8609,-0.00000000064494
21.8809,0.0000000012875
21.9009,-0.0000000038657
21.9209,-0.00000000096702
21.9409,-0.00000000064494
21.9609,-0.00000000032286
21.9809,0.00000000096545
22.0009,-0.0000000035436
22.0209,-0.0000000016112
22.0409,-0.00000000064494
22.0609,0.00000000032129
22.0809,0.00000000064337
22.1009,-0.0000000025774
22.1209,-0.0000000012891
22.1409,-0.00000000064494
22.1609,-0.00000000032286
22.1809,0.00000000096545
22.2009,-0.0000000025774
22.2209,-0.0000000016112
22.2409,-0.00000000096702
22.2609,-0.00000000064494
22.2809,0.00000000064337
22.3009,-0.0000000022553
22.3209,-0.0000000016112
22.3409,-0.00000000096702
22.3609,-0.00000000064494
22.3809,-0.00000000032286
22.4009,-0.0000000019333
22.4209,-0.0000000016112
22.4409,-0.00000000096702
22.4609,-0.00000000032286
22.4809,0.00000000032129
22.5009,-0.0000000012891
22.5209,-0.0000000016112
22.5409,-0.00000000032286
22.5609,-0.00000000032286
22.5809,-0.00000000032286
22.6009,-0.00000000096702
22.6209,-0.0000000016112
22.6409,-0.00000000096702
22.6609,-0.0000000012891
22.6809,-0.00000000032286
22.7009,-0.00000000096702
22.7209,-0.0000000016112
22.7409,-0.00000000096702
22.7609,-0.00000000032286
22.7809,-0.00000000000078654
22.8009,-0.0000000012891
22.8209,-0.00000000096702
22.8409,-0.0000000016112
22.8609,-0.00000000032286
22.8809,-0.00000000064494
22.9009,-0.0000000019333
22.9209,-0.0000000016112
22.9409,-0.00000000032286
22.9609,0.00000000032129
22.9809,-0.00000000000078654
23.0009,-0.0000000012891
23.0209,-0.0000000019333
23.0409,-0.00000000064494
23.0609,-0.00000000032286
23.0809,0.00000000064337
23.1009,-0.0000000019333
23.1209,-0.0000000022553
23.1409,-0.0000000012891
23.1609,-0.00000000032286
23.1809,-0.00000000000078654
23.2009,-0.0000000022553
23.2209,-0.0000000012891
23.2409,-0.00000000000078654
23.2609,-0.00000000064494
23.2809,-0.00000000032286
23.3009,-0.0000000019333
23.3209,-0.0000000016112
23.3409,-0.00000000096702
23.3609,-0.00000000096702
23.3809,-0.00000000064494
23.4009,-0.0000000028995
23.4209,-0.00000000064494
23.4409,-0.0000000016112
23.4609,-0.00000000000078654
23.4809,0.00000000032129
23.5009,-0.0000000028995
23.5209,-0.00000000064494
23.5409,-0.00000000064494
23.5609,-0.00000000064494
23.5809,0.00000000096545
23.6009,-0.0000000025774
23.6209,-0.0000000012891
23.6409,-0.0000000012891
23.6609,-0.00000000032286
23.6809,-0.00000000000078654
23.7009,-0.0000000028995
23.7209,-0.0000000016112
23.7409,-0.00000000064494
23.7609,-0.00000000032286
23.7809,-0.00000000000078654
23.8009,-0.0000000032216
23.8209,-0.0000000016112
23.8409,-0.00000000032286
23.8609,-0.00000000096702
23.8809,0.00000000032129
23.9009,-0.0000000032216
23.9209,-0.0000000019333
23.9409,-0.00000000064494
23.9609,-0.00000000096702
23.9809,0.00000000032129
24.0009,-0.0000000032216
24.0209,-0.0000000012891
24.0409,-0.0000000012891
24.0609,-0.00000000000078654
24.0809,0.00000000032129
24.1009,-0.0000000032216
24.1209,-0.0000000016112
24.1409,-0.00000000000078654
24.1609,-0.00000000000078654
24.1809,0.00000000032129
24.2009,-0.0000000028995
24.2209,-0.0000000012891
24.2409,-0.00000000064494
24.2609,-0.00000000000078654
24.2809,-0.00000000000078654
24.3009,-0.0000000022553
24.3209,-0.00000000096702
24.3409,-0.00000000032286
24.3609,-0.00000000096702
24.3809,-0.00000000000078654
24.4009,-0.0000000025774
24.4209,-0.0000000022553
24.4409,-0.00000000000078654
24.4609,-0.00000000096702
24.4809,-0.00000000032286
24.5009,-0.0000000019333
24.5209,-0.0000000016112
24.5409,-0.00000000032286
24.5609,-0.00000000032286
24.5809,-0.00000000032286
24.6009,-0.0000000022553
24.6209,-0.0000000016112
24.6409,-0.00000000064494
24.6609,-0.00000000032286
24.6809,-0.00000000000078654
24.7009,-0.0000000022553
24.7209,-0.00000000096702
24.7409,-0.00000000096702
24.7609,-0.00000000000078654
24.7809,0.00000000032129
24.8009,-0.0000000028995
24.8209,-0.0000000016112
24.8409,-0.00000000096702
24.8609,-0.00000000000078654
24.8809,-0.00000000032286
24.9009,-0.0000000028995
24.9209,-0.0000000012891
24.9409,-0.0000000016112
24.9609,-0.00000000032286
24.9809,0.00000000032129
25.0009,-0.0000000022553
25.0209,-0.0000000012891
25.0409,-0.00000000032286
25.0609,0.00000000032129
25.0809,-0.00000000064494
25.1009,-0.0000000028995
25.1209,-0.0000000012891
25.1409,-0.00000000000078654
25.1609,-0.00000000064494
25.1809,-0.00000000032286
25.2009,-0.0000000025774
25.2209,-0.0000000012891
25.2409,-0.00000000096702
25.2609,-0.00000000000078654
25.2809,-0.00000000032286
25.3009,-0.0000000028995
25.3209,-0.00000000064494
25.3409,-0.00000000064494
25.3609,0.00000000064337
25.3809,-0.00000000032286
25.4009,-0.0000000035436
25.4209,-0.0000000012891
25.4409,-0.00000000096702
25.4609,-0.00000000032286
25.4809,-0.00000000032286
25.5009,-0.0000000035436
25.5209,-0.00000000096702
25.5409,-0.00000000032286
25.5609,0.00000000032129
25.5809,-0.00000000064494
25.6009,-0.0000000032216
25.6209,-0.0000000012891
25.6409,-0.00000000096702
25.6609,-0.00000000032286
25.6809,0.00000000032129
25.7009,-0.0000000035436
25.7209,-0.00000000000078654
25.7409,-0.00000000064494
25.7609,-0.00000000096702
25.7809,-0.00000000000078654
25.8009,-0.0000000028995
25.8209,-0.0000000012891
25.8409,-0.00000000096702
25.8609,-0.00000000096702
25.8809,-0.00000000000078654
25.9009,-0.0000000035436
25.9209,-0.00000000096702
25.9409,-0.0000000012891
25.9609,-0.00000000032286
25.9809,-0.00000000032286
26.0009,-0.0000000025774
26.0209,-0.0000000016112
26.0409,-0.00000000096702
26.0609,-0.00000000096702
26.0809,0.00000000032129
26.1009,-0.0000000035436
26.1209,-0.0000000012891
26.1409,-0.00000000096702
26.1609,-0.0000000012891
26.1809,-0.00000000000078654
26.2009,-0.0000000035436
26.2209,-0.0000000016112
26.2409,-0.00000000000078654
26.2609,-0.00000000096702
26.2809,-0.00000000000078654
26.3009,-0.0000000022553
26.3209,-0.00000000064494
26.3409,-0.00000000096702
26.3609,-0.00000000096702
26.3809,-0.00000000000078654
26.4009,-0.0000000035436
26.4209,-0.0000000016112
26.4409,-0.00000000032286
26.4609,-0.00000000064494
26.4809,-0.00000000032286
26.5009,-0.0000000025774
26.5209,-0.0000000012891
26.5409,-0.00000000032286
26.5609,-0.00000000064494
26.5809,-0.00000000000078654
26.6009,-0.0000000028995
26.6209,-0.0000000016112
26.6409,-0.00000000064494
26.6609,0.00000000032129
26.6809,-0.00000000000078654
26.7009,-0.0000000025774
26.7209,-0.0000000016112
26.7409,-0.00000000064494
26.7609,0.0000000019317
26.7809,0.00000000032129
26.8009,-0.0000000025774
26.8209,-0.0000000012891
26.8409,-0.00000000064494
26.8609,0.0000000035421
26.8809,-0.00000000000078654
26.9009,-0.0000000025774
26.9209,-0.00000000096702
26.9409,0.00000000032129
26.9609,0.0000000035421
26.9809,0.00000000032129
27.0009,-0.0000000022553
27.0209,-0.0000000016112
27.0409,-0.00000000064494
27.0609,0.0000000048304
27.0809,-0.00000000032286
27.1009,-0.0000000035436
27.1209,-0.0000000016112
27.1409,-0.0000000012891
27.1609,0.0000000051525
27.1809,-0.00000000000078654
27.2009,-0.0000000025774
27.2209,-0.00000000064494
27.2409,-0.00000000096702
27.2609,0.0000000041862
27.2809,-0.00000000032286
27.3009,-0.0000000028995
27.3209,-0.00000000096702
27.3409,-0.00000000064494
27.3609,0.0000000045083
27.3809,-0.00000000000078654
27.4009,-0.0000000035436
27.4209,-0.0000000016112
27.4409,-0.00000000032286
27.4609,0.0000000038641
27.4809,0.00000000064337
27.5009,-0.0000000032216
27.5209,-0.0000000022553
27.5409,-0.00000000064494
27.5609,0.0000000028979
27.5809,-0.00000000000078654
27.6009,-0.0000000028995
27.6209,-0.0000000016112
27.6409,-0.00000000000078654
27.6609,0.0000000022538
27.6809,0.00000000096545
27.7009,-0.0000000035436
27.7209,-0.0000000012891
27.7409,-0.00000000064494
27.7609,0.0000000022538
27.7809,-0.00000000000078654
27.8009,-0.0000000032216
27.8209,-0.0000000016112
27.8409,-0.00000000064494
27.8609,0.0000000019317
27.8809,-0.00000000000078654
27.9009,-0.0000000035436
27.9209,-0.0000000012891
27.9409,-0.0000000012891
27.9609,0.00000000032129
27.9809,0.00000000032129
28.0009,-0.0000000035436
28.0209,-0.00000000096702
28.0409,-0.00000000096702
28.0609,0.00000000064337
28.0809,-0.00000000096702
28.1009,-0.0000000032216
28.1209,-0.00000000096702
28.1409,-0.00000000032286
28.1609,0.00000000096545
28.1809,-0.00000000032286
28.2009,-0.0000000028995
28.2209,-0.0000000012891
28.2409,-0.00000000064494
28.2609,-0.00000000000078654
28.2809,0.00000000032129
28.3009,-0.0000000041878
28.3209,-0.00000000032286
28.3409,-0.0000000016112
28.3609,0.00000000096545
28.3809,-0.00000000032286
28.4009,-0.0000000032216
28.4209,-0.0000000012891
28.4409,-0.00000000032286
28.4609,0.00000000064337
28.4809,-0.00000000096702
28.5009,-0.0000000032216
28.5209,-0.0000000012891
28.5409,-0.00000000032286
28.5609,0.0000000012875
28.5809,-0.00000000032286
28.6009,-0.0000000028995
28.6209,-0.0000000012891
28.6409,-0.00000000064494
28.6609,0.0000000016096
28.6809,-0.00000000064494
28.7009,-0.0000000032216
28.7209,-0.00000000096702
28.7409,-0.00000000096702
28.7609,0.0000000016096
28.7809,-0.00000000032286
28.8009,-0.0000000041878
28.8209,-0.0000000022553
28.8409,-0.00000000000078654
28.8609,0.0000000019317
28.8809,-0.00000000064494
28.9009,-0.0000000032216
28.9209,-0.0000000012891
28.9409,-0.00000000032286
28.9609,0.00000000064337
28.9809,-0.00000000032286
29.0009,-0.0000000032216
29.0209,-0.0000000012891
29.0409,-0.00000000032286
29.0609,0.0000000016096
29.0809,-0.0000000016112
29.1009,-0.0000000032216
29.1209,-0.00000000096702
29.1409,-0.00000000032286
29.1609,0.0000000016096
29.1809,-0.00000000032286
29.2009,-0.0000000022553
29.2209,-0.0000000016112
29.2409,-0.00000000000078654
29.2609,0.0000000025758
29.2809,-0.00000000096702
29.3009,-0.0000000035436
29.3209,-0.0000000012891
29.3409,-0.00000000000078654
29.3609,0.0000000022538
29.3809,-0.00000000032286
29.4009,-0.0000000032216
29.4209,-0.00000000096702
29.4409,0.00000000032129
29.4609,0.0000000016096
29.4809,-0.00000000000078654
29.5009,-0.0000000025774
29.5209,-0.00000000032286
29.5409,-0.00000000000078654
29.5609,0.0000000016096
29.5809,-0.00000000000078654
29.6009,-0.0000000032216
29.6209,-0.00000000064494
29.6409,-0.0000000012891
29.6609,0.0000000019317
29.6809,-0.00000000064494
29.7009,-0.0000000028995
29.7209,-0.0000000012891
29.7409,-0.00000000064494
29.7609,0.0000000016096
29.7809,-0.00000000096702
29.8009,-0.0000000028995
29.8209,-0.0000000016112
29.8409,-0.00000000096702
29.8609,0.0000000019317
29.8809,-0.00000000096702
29.9009,-0.0000000025774
29.9209,-0.0000000016112
29.9409,-0.00000000096702
29.9609,0.0000000022538
29.9809,-0.00000000032286
30.0009,-0.0000000025774
30.0209,-0.0000000012891
30.0409,-0.00000000064494
30.0609,0.0000000028979
30.0809,-0.00000000032286
30.1009,-0.0000000028995
30.1209,-0.0000000012891
30.1409,-0.00000000064494
30.1609,0.0000000022538
30.1809,-0.0000000012891
30.2009,-0.0000000028995
30.2209,-0.0000000012891
30.2409,-0.00000000032286
30.2609,0.0000000022538
30.2809,-0.00000000000078654
30.3009,-0.0000000025774
30.3209,-0.00000000096702
30.3409,-0.00000000096702
30.3609,0.0000000025758
30.3809,-0.00000000032286
30.4009,-0.0000000025774
30.4209,-0.00000000064494
30.4409,-0.00000000064494
30.4609,0.0000000022538
30.4809,-0.00000000096702
30.5009,-0.0000000028995
30.5209,-0.00000000064494
30.5409,0.00000000032129
30.5609,0.0000000022538
30.5809,-0.00000000064494
30.6009,-0.0000000028995
30.6209,-0.00000000064494
30.6409,-0.00000000032286
30.6609,0.0000000022538
30.6809,-0.00000000064494
30.7009,-0.0000000022553
30.7209,-0.0000000016112
30.7409,-0.00000000064494
30.7609,0.0000000025758
30.7809,-0.00000000096702
30.8009,-0.0000000028995
30.8209,-0.00000000096702
30.8409,-0.00000000032286
30.8609,0.0000000016096
30.8809,0.00000000032129
30.9009,-0.0000000025774
30.9209,-0.00000000096702
30.9409,0.00000000032129
30.9609,0.0000000022538
30.9809,-0.00000000032286
31.0009,-0.0000000022553
31.0209,-0.00000000096702
31.0409,-0.00000000096702
31.0609,0.0000000022538
31.0809,-0.00000000064494
31.1009,-0.0000000025774
31.1209,-0.00000000032286
31.1409,-0.00000000096702
31.1609,0.0000000016096
31.1809,-0.00000000096702
31.2009,-0.0000000022553
31.2209,-0.00000000032286
31.2409,-0.00000000032286
31.2609,0.0000000019317
31.2809,-0.00000000096702
31.3009,-0.0000000022553
31.3209,-0.0000000016112
31.3409,-0.00000000032286
31.3609,0.0000000019317
31.3809,-0.0000000016112
31.4009,-0.0000000025774
31.4209,-0.00000000096702
31.4409,-0.00000000032286
31.4609,0.0000000019317
31.4809,-0.0000000016112
31.5009,-0.0000000022553
31.5209,-0.0000000016112
31.5409,0.00000000032129
31.5609,0.0000000022538
31.5809,-0.00000000032286
31.6009,-0.0000000016112
31.6209,-0.00000000096702
31.6409,-0.00000000032286
31.6609,0.0000000019317
31.6809,-0.00000000000078654
31.7009,-0.0000000022553
31.7209,-0.00000000064494
31.7409,-0.00000000032286
31.7609,0.0000000019317
31.7809,-0.00000000064494
31.8009,-0.0000000028995
31.8209,-0.00000000064494
31.8409,-0.00000000032286
31.8609,0.0000000019317
31.8809,-0.00000000032286
31.9009,-0.00000000096702
31.9209,-0.00000000032286
31.9409,-0.00000000000078654
31.9609,0.0000000016096
31.9809,-0.0000000012891
31.9999,-0.0000000032216
